date,trades_file,events,orderbook_file_curr,orderbook_file_prev,non_null_obi_20,error,ob_meta_curr
2025-10-01,/Users/xuchuanxi/lianghua/raw_data/data/trades/ETH-USDT-trades-2025-10-01.csv,10189,/Users/xuchuanxi/lianghua/raw_data/data/orderbook/ETH-USDT-L2orderbook-400lv-2025-10-01.data,,1.0,,"{'file': '/Users/xuchuanxi/lianghua/raw_data/data/orderbook/ETH-USDT-L2orderbook-400lv-2025-10-01.data', 'top_n': 20, 'sample_ms': 1000, 'lines_total': 5202390, 'lines_json_ok': 5202390, 'lines_used': 5202390, 'samples': 86018, 'error': None, 'resampled_rows': 1440, 'columns': ['obi', 'obi_1', 'obi_5', 'obi_20', 'ob_spread', 'spread', 'ob_spread_bps', 'ob_microprice', 'ob_depth_bid_1', 'ob_depth_ask_1', 'ob_depth_bid_5', 'ob_depth_ask_5', 'ob_depth_bid_20', 'ob_depth_ask_20', 'ob_ask_wall_size_20', 'ob_ask_wall_conc_20', 'ob_ask_wall_levels_20', 'ob_bid_wall_size_20', 'ob_bid_wall_conc_20', 'ob_bid_wall_levels_20', 'ob_mid_open', 'ob_mid_high', 'ob_mid_low', 'ob_mid_close', 'ob_quote_count'], 'non_null_obi': 1.0, 'non_null_obi_20': 1.0}"
2025-10-05,/Users/xuchuanxi/lianghua/raw_data/data/trades/ETH-USDT-trades-2025-10-05.csv,9742,/Users/xuchuanxi/lianghua/raw_data/data/orderbook/ETH-USDT-L2orderbook-400lv-2025-10-05.data,/Users/xuchuanxi/lianghua/raw_data/data/orderbook/ETH-USDT-L2orderbook-400lv-2025-10-04.data,1.0,,"{'file': '/Users/xuchuanxi/lianghua/raw_data/data/orderbook/ETH-USDT-L2orderbook-400lv-2025-10-05.data', 'top_n': 20, 'sample_ms': 1000, 'lines_total': 4826811, 'lines_json_ok': 4826811, 'lines_used': 4826811, 'samples': 86096, 'error': None, 'resampled_rows': 1440, 'columns': ['obi', 'obi_1', 'obi_5', 'obi_20', 'ob_spread', 'spread', 'ob_spread_bps', 'ob_microprice', 'ob_depth_bid_1', 'ob_depth_ask_1', 'ob_depth_bid_5', 'ob_depth_ask_5', 'ob_depth_bid_20', 'ob_depth_ask_20', 'ob_ask_wall_size_20', 'ob_ask_wall_conc_20', 'ob_ask_wall_levels_20', 'ob_bid_wall_size_20', 'ob_bid_wall_conc_20', 'ob_bid_wall_levels_20', 'ob_mid_open', 'ob_mid_high', 'ob_mid_low', 'ob_mid_close', 'ob_quote_count'], 'non_null_obi': 1.0, 'non_null_obi_20': 1.0}"
2025-10-04,/Users/xuchuanxi/lianghua/raw_data/data/trades/ETH-USDT-trades-2025-10-04.csv,7795,/Users/xuchuanxi/lianghua/raw_data/data/orderbook/ETH-USDT-L2orderbook-400lv-2025-10-04.data,/Users/xuchuanxi/lianghua/raw_data/data/orderbook/ETH-USDT-L2orderbook-400lv-2025-10-03.data,1.0,,"{'file': '/Users/xuchuanxi/lianghua/raw_data/data/orderbook/ETH-USDT-L2orderbook-400lv-2025-10-04.data', 'top_n': 20, 'sample_ms': 1000, 'lines_total': 4222679, 'lines_json_ok': 4222679, 'lines_used': 4222679, 'samples': 86115, 'error': None, 'resampled_rows': 1440, 'columns': ['obi', 'obi_1', 'obi_5', 'obi_20', 'ob_spread', 'spread', 'ob_spread_bps', 'ob_microprice', 'ob_depth_bid_1', 'ob_depth_ask_1', 'ob_depth_bid_5', 'ob_depth_ask_5', 'ob_depth_bid_20', 'ob_depth_ask_20', 'ob_ask_wall_size_20', 'ob_ask_wall_conc_20', 'ob_ask_wall_levels_20', 'ob_bid_wall_size_20', 'ob_bid_wall_conc_20', 'ob_bid_wall_levels_20', 'ob_mid_open', 'ob_mid_high', 'ob_mid_low', 'ob_mid_close', 'ob_quote_count'], 'non_null_obi': 1.0, 'non_null_obi_20': 1.0}"
2025-10-06,/Users/xuchuanxi/lianghua/raw_data/data/trades/ETH-USDT-trades-2025-10-06.csv,9404,/Users/xuchuanxi/lianghua/raw_data/data/orderbook/ETH-USDT-L2orderbook-400lv-2025-10-06.data,/Users/xuchuanxi/lianghua/raw_data/data/orderbook/ETH-USDT-L2orderbook-400lv-2025-10-05.data,1.0,,"{'file': '/Users/xuchuanxi/lianghua/raw_data/data/orderbook/ETH-USDT-L2orderbook-400lv-2025-10-06.data', 'top_n': 20, 'sample_ms': 1000, 'lines_total': 5235620, 'lines_json_ok': 5235620, 'lines_used': 5235620, 'samples': 86149, 'error': None, 'resampled_rows': 1440, 'columns': ['obi', 'obi_1', 'obi_5', 'obi_20', 'ob_spread', 'spread', 'ob_spread_bps', 'ob_microprice', 'ob_depth_bid_1', 'ob_depth_ask_1', 'ob_depth_bid_5', 'ob_depth_ask_5', 'ob_depth_bid_20', 'ob_depth_ask_20', 'ob_ask_wall_size_20', 'ob_ask_wall_conc_20', 'ob_ask_wall_levels_20', 'ob_bid_wall_size_20', 'ob_bid_wall_conc_20', 'ob_bid_wall_levels_20', 'ob_mid_open', 'ob_mid_high', 'ob_mid_low', 'ob_mid_close', 'ob_quote_count'], 'non_null_obi': 1.0, 'non_null_obi_20': 1.0}"
2025-10-03,/Users/xuchuanxi/lianghua/raw_data/data/trades/ETH-USDT-trades-2025-10-03.csv,8689,/Users/xuchuanxi/lianghua/raw_data/data/orderbook/ETH-USDT-L2orderbook-400lv-2025-10-03.data,/Users/xuchuanxi/lianghua/raw_data/data/orderbook/ETH-USDT-L2orderbook-400lv-2025-10-02.data,1.0,,"{'file': '/Users/xuchuanxi/lianghua/raw_data/data/orderbook/ETH-USDT-L2orderbook-400lv-2025-10-03.data', 'top_n': 20, 'sample_ms': 1000, 'lines_total': 5201101, 'lines_json_ok': 5201101, 'lines_used': 5201101, 'samples': 86160, 'error': None, 'resampled_rows': 1440, 'columns': ['obi', 'obi_1', 'obi_5', 'obi_20', 'ob_spread', 'spread', 'ob_spread_bps', 'ob_microprice', 'ob_depth_bid_1', 'ob_depth_ask_1', 'ob_depth_bid_5', 'ob_depth_ask_5', 'ob_depth_bid_20', 'ob_depth_ask_20', 'ob_ask_wall_size_20', 'ob_ask_wall_conc_20', 'ob_ask_wall_levels_20', 'ob_bid_wall_size_20', 'ob_bid_wall_conc_20', 'ob_bid_wall_levels_20', 'ob_mid_open', 'ob_mid_high', 'ob_mid_low', 'ob_mid_close', 'ob_quote_count'], 'non_null_obi': 1.0, 'non_null_obi_20': 1.0}"
2025-10-09,/Users/xuchuanxi/lianghua/raw_data/data/trades/ETH-USDT-trades-2025-10-09.csv,11018,/Users/xuchuanxi/lianghua/raw_data/data/orderbook/ETH-USDT-L2orderbook-400lv-2025-10-09.data,/Users/xuchuanxi/lianghua/raw_data/data/orderbook/ETH-USDT-L2orderbook-400lv-2025-10-08.data,1.0,,"{'file': '/Users/xuchuanxi/lianghua/raw_data/data/orderbook/ETH-USDT-L2orderbook-400lv-2025-10-09.data', 'top_n': 20, 'sample_ms': 1000, 'lines_total': 5262732, 'lines_json_ok': 5262732, 'lines_used': 5262732, 'samples': 86159, 'error': None, 'resampled_rows': 1440, 'columns': ['obi', 'obi_1', 'obi_5', 'obi_20', 'ob_spread', 'spread', 'ob_spread_bps', 'ob_microprice', 'ob_depth_bid_1', 'ob_depth_ask_1', 'ob_depth_bid_5', 'ob_depth_ask_5', 'ob_depth_bid_20', 'ob_depth_ask_20', 'ob_ask_wall_size_20', 'ob_ask_wall_conc_20', 'ob_ask_wall_levels_20', 'ob_bid_wall_size_20', 'ob_bid_wall_conc_20', 'ob_bid_wall_levels_20', 'ob_mid_open', 'ob_mid_high', 'ob_mid_low', 'ob_mid_close', 'ob_quote_count'], 'non_null_obi': 1.0, 'non_null_obi_20': 1.0}"
2025-10-08,/Users/xuchuanxi/lianghua/raw_data/data/trades/ETH-USDT-trades-2025-10-08.csv,9637,/Users/xuchuanxi/lianghua/raw_data/data/orderbook/ETH-USDT-L2orderbook-400lv-2025-10-08.data,/Users/xuchuanxi/lianghua/raw_data/data/orderbook/ETH-USDT-L2orderbook-400lv-2025-10-07.data,1.0,,"{'file': '/Users/xuchuanxi/lianghua/raw_data/data/orderbook/ETH-USDT-L2orderbook-400lv-2025-10-08.data', 'top_n': 20, 'sample_ms': 1000, 'lines_total': 5240783, 'lines_json_ok': 5240783, 'lines_used': 5240783, 'samples': 86160, 'error': None, 'resampled_rows': 1440, 'columns': ['obi', 'obi_1', 'obi_5', 'obi_20', 'ob_spread', 'spread', 'ob_spread_bps', 'ob_microprice', 'ob_depth_bid_1', 'ob_depth_ask_1', 'ob_depth_bid_5', 'ob_depth_ask_5', 'ob_depth_bid_20', 'ob_depth_ask_20', 'ob_ask_wall_size_20', 'ob_ask_wall_conc_20', 'ob_ask_wall_levels_20', 'ob_bid_wall_size_20', 'ob_bid_wall_conc_20', 'ob_bid_wall_levels_20', 'ob_mid_open', 'ob_mid_high', 'ob_mid_low', 'ob_mid_close', 'ob_quote_count'], 'non_null_obi': 1.0, 'non_null_obi_20': 1.0}"
2025-10-07,/Users/xuchuanxi/lianghua/raw_data/data/trades/ETH-USDT-trades-2025-10-07.csv,9881,/Users/xuchuanxi/lianghua/raw_data/data/orderbook/ETH-USDT-L2orderbook-400lv-2025-10-07.data,/Users/xuchuanxi/lianghua/raw_data/data/orderbook/ETH-USDT-L2orderbook-400lv-2025-10-06.data,1.0,,"{'file': '/Users/xuchuanxi/lianghua/raw_data/data/orderbook/ETH-USDT-L2orderbook-400lv-2025-10-07.data', 'top_n': 20, 'sample_ms': 1000, 'lines_total': 5364921, 'lines_json_ok': 5364921, 'lines_used': 5364921, 'samples': 86173, 'error': None, 'resampled_rows': 1440, 'columns': ['obi', 'obi_1', 'obi_5', 'obi_20', 'ob_spread', 'spread', 'ob_spread_bps', 'ob_microprice', 'ob_depth_bid_1', 'ob_depth_ask_1', 'ob_depth_bid_5', 'ob_depth_ask_5', 'ob_depth_bid_20', 'ob_depth_ask_20', 'ob_ask_wall_size_20', 'ob_ask_wall_conc_20', 'ob_ask_wall_levels_20', 'ob_bid_wall_size_20', 'ob_bid_wall_conc_20', 'ob_bid_wall_levels_20', 'ob_mid_open', 'ob_mid_high', 'ob_mid_low', 'ob_mid_close', 'ob_quote_count'], 'non_null_obi': 1.0, 'non_null_obi_20': 1.0}"
2025-10-02,/Users/xuchuanxi/lianghua/raw_data/data/trades/ETH-USDT-trades-2025-10-02.csv,9032,/Users/xuchuanxi/lianghua/raw_data/data/orderbook/ETH-USDT-L2orderbook-400lv-2025-10-02.data,/Users/xuchuanxi/lianghua/raw_data/data/orderbook/ETH-USDT-L2orderbook-400lv-2025-10-01.data,1.0,,"{'file': '/Users/xuchuanxi/lianghua/raw_data/data/orderbook/ETH-USDT-L2orderbook-400lv-2025-10-02.data', 'top_n': 20, 'sample_ms': 1000, 'lines_total': 5130493, 'lines_json_ok': 5130493, 'lines_used': 5130493, 'samples': 86167, 'error': None, 'resampled_rows': 1440, 'columns': ['obi', 'obi_1', 'obi_5', 'obi_20', 'ob_spread', 'spread', 'ob_spread_bps', 'ob_microprice', 'ob_depth_bid_1', 'ob_depth_ask_1', 'ob_depth_bid_5', 'ob_depth_ask_5', 'ob_depth_bid_20', 'ob_depth_ask_20', 'ob_ask_wall_size_20', 'ob_ask_wall_conc_20', 'ob_ask_wall_levels_20', 'ob_bid_wall_size_20', 'ob_bid_wall_conc_20', 'ob_bid_wall_levels_20', 'ob_mid_open', 'ob_mid_high', 'ob_mid_low', 'ob_mid_close', 'ob_quote_count'], 'non_null_obi': 1.0, 'non_null_obi_20': 1.0}"
2025-10-10,/Users/xuchuanxi/lianghua/raw_data/data/trades/ETH-USDT-trades-2025-10-10.csv,10835,/Users/xuchuanxi/lianghua/raw_data/data/orderbook/ETH-USDT-L2orderbook-400lv-2025-10-10.data,/Users/xuchuanxi/lianghua/raw_data/data/orderbook/ETH-USDT-L2orderbook-400lv-2025-10-09.data,1.0,,"{'file': '/Users/xuchuanxi/lianghua/raw_data/data/orderbook/ETH-USDT-L2orderbook-400lv-2025-10-10.data', 'top_n': 20, 'sample_ms': 1000, 'lines_total': 6141039, 'lines_json_ok': 6141039, 'lines_used': 6141039, 'samples': 86221, 'error': None, 'resampled_rows': 1440, 'columns': ['obi', 'obi_1', 'obi_5', 'obi_20', 'ob_spread', 'spread', 'ob_spread_bps', 'ob_microprice', 'ob_depth_bid_1', 'ob_depth_ask_1', 'ob_depth_bid_5', 'ob_depth_ask_5', 'ob_depth_bid_20', 'ob_depth_ask_20', 'ob_ask_wall_size_20', 'ob_ask_wall_conc_20', 'ob_ask_wall_levels_20', 'ob_bid_wall_size_20', 'ob_bid_wall_conc_20', 'ob_bid_wall_levels_20', 'ob_mid_open', 'ob_mid_high', 'ob_mid_low', 'ob_mid_close', 'ob_quote_count'], 'non_null_obi': 1.0, 'non_null_obi_20': 1.0}"
2025-10-12,/Users/xuchuanxi/lianghua/raw_data/data/trades/ETH-USDT-trades-2025-10-12.csv,11766,/Users/xuchuanxi/lianghua/raw_data/data/orderbook/ETH-USDT-L2orderbook-400lv-2025-10-12.data,/Users/xuchuanxi/lianghua/raw_data/data/orderbook/ETH-USDT-L2orderbook-400lv-2025-10-11.data,1.0,,"{'file': '/Users/xuchuanxi/lianghua/raw_data/data/orderbook/ETH-USDT-L2orderbook-400lv-2025-10-12.data', 'top_n': 20, 'sample_ms': 1000, 'lines_total': 6157618, 'lines_json_ok': 6157618, 'lines_used': 6157618, 'samples': 86009, 'error': None, 'resampled_rows': 1440, 'columns': ['obi', 'obi_1', 'obi_5', 'obi_20', 'ob_spread', 'spread', 'ob_spread_bps', 'ob_microprice', 'ob_depth_bid_1', 'ob_depth_ask_1', 'ob_depth_bid_5', 'ob_depth_ask_5', 'ob_depth_bid_20', 'ob_depth_ask_20', 'ob_ask_wall_size_20', 'ob_ask_wall_conc_20', 'ob_ask_wall_levels_20', 'ob_bid_wall_size_20', 'ob_bid_wall_conc_20', 'ob_bid_wall_levels_20', 'ob_mid_open', 'ob_mid_high', 'ob_mid_low', 'ob_mid_close', 'ob_quote_count'], 'non_null_obi': 1.0, 'non_null_obi_20': 1.0}"
2025-10-11,/Users/xuchuanxi/lianghua/raw_data/data/trades/ETH-USDT-trades-2025-10-11.csv,12034,/Users/xuchuanxi/lianghua/raw_data/data/orderbook/ETH-USDT-L2orderbook-400lv-2025-10-11.data,/Users/xuchuanxi/lianghua/raw_data/data/orderbook/ETH-USDT-L2orderbook-400lv-2025-10-10.data,1.0,,"{'file': '/Users/xuchuanxi/lianghua/raw_data/data/orderbook/ETH-USDT-L2orderbook-400lv-2025-10-11.data', 'top_n': 20, 'sample_ms': 1000, 'lines_total': 6587812, 'lines_json_ok': 6587812, 'lines_used': 6587812, 'samples': 86058, 'error': None, 'resampled_rows': 1440, 'columns': ['obi', 'obi_1', 'obi_5', 'obi_20', 'ob_spread', 'spread', 'ob_spread_bps', 'ob_microprice', 'ob_depth_bid_1', 'ob_depth_ask_1', 'ob_depth_bid_5', 'ob_depth_ask_5', 'ob_depth_bid_20', 'ob_depth_ask_20', 'ob_ask_wall_size_20', 'ob_ask_wall_conc_20', 'ob_ask_wall_levels_20', 'ob_bid_wall_size_20', 'ob_bid_wall_conc_20', 'ob_bid_wall_levels_20', 'ob_mid_open', 'ob_mid_high', 'ob_mid_low', 'ob_mid_close', 'ob_quote_count'], 'non_null_obi': 1.0, 'non_null_obi_20': 1.0}"
2025-10-19,/Users/xuchuanxi/lianghua/raw_data/data/trades/ETH-USDT-trades-2025-10-19.csv,9960,/Users/xuchuanxi/lianghua/raw_data/data/orderbook/ETH-USDT-L2orderbook-400lv-2025-10-19.data,/Users/xuchuanxi/lianghua/raw_data/data/orderbook/ETH-USDT-L2orderbook-400lv-2025-10-18.data,1.0,,"{'file': '/Users/xuchuanxi/lianghua/raw_data/data/orderbook/ETH-USDT-L2orderbook-400lv-2025-10-19.data', 'top_n': 20, 'sample_ms': 1000, 'lines_total': 5272929, 'lines_json_ok': 5272929, 'lines_used': 5272929, 'samples': 85730, 'error': None, 'resampled_rows': 1440, 'columns': ['obi', 'obi_1', 'obi_5', 'obi_20', 'ob_spread', 'spread', 'ob_spread_bps', 'ob_microprice', 'ob_depth_bid_1', 'ob_depth_ask_1', 'ob_depth_bid_5', 'ob_depth_ask_5', 'ob_depth_bid_20', 'ob_depth_ask_20', 'ob_ask_wall_size_20', 'ob_ask_wall_conc_20', 'ob_ask_wall_levels_20', 'ob_bid_wall_size_20', 'ob_bid_wall_conc_20', 'ob_bid_wall_levels_20', 'ob_mid_open', 'ob_mid_high', 'ob_mid_low', 'ob_mid_close', 'ob_quote_count'], 'non_null_obi': 1.0, 'non_null_obi_20': 1.0}"
2025-10-13,/Users/xuchuanxi/lianghua/raw_data/data/trades/ETH-USDT-trades-2025-10-13.csv,7704,/Users/xuchuanxi/lianghua/raw_data/data/orderbook/ETH-USDT-L2orderbook-400lv-2025-10-13.data,/Users/xuchuanxi/lianghua/raw_data/data/orderbook/ETH-USDT-L2orderbook-400lv-2025-10-12.data,1.0,,"{'file': '/Users/xuchuanxi/lianghua/raw_data/data/orderbook/ETH-USDT-L2orderbook-400lv-2025-10-13.data', 'top_n': 20, 'sample_ms': 1000, 'lines_total': 6121918, 'lines_json_ok': 6121918, 'lines_used': 6121918, 'samples': 85878, 'error': None, 'resampled_rows': 1440, 'columns': ['obi', 'obi_1', 'obi_5', 'obi_20', 'ob_spread', 'spread', 'ob_spread_bps', 'ob_microprice', 'ob_depth_bid_1', 'ob_depth_ask_1', 'ob_depth_bid_5', 'ob_depth_ask_5', 'ob_depth_bid_20', 'ob_depth_ask_20', 'ob_ask_wall_size_20', 'ob_ask_wall_conc_20', 'ob_ask_wall_levels_20', 'ob_bid_wall_size_20', 'ob_bid_wall_conc_20', 'ob_bid_wall_levels_20', 'ob_mid_open', 'ob_mid_high', 'ob_mid_low', 'ob_mid_close', 'ob_quote_count'], 'non_null_obi': 1.0, 'non_null_obi_20': 1.0}"
2025-10-20,/Users/xuchuanxi/lianghua/raw_data/data/trades/ETH-USDT-trades-2025-10-20.csv,10412,/Users/xuchuanxi/lianghua/raw_data/data/orderbook/ETH-USDT-L2orderbook-400lv-2025-10-20.data,/Users/xuchuanxi/lianghua/raw_data/data/orderbook/ETH-USDT-L2orderbook-400lv-2025-10-19.data,1.0,,"{'file': '/Users/xuchuanxi/lianghua/raw_data/data/orderbook/ETH-USDT-L2orderbook-400lv-2025-10-20.data', 'top_n': 20, 'sample_ms': 1000, 'lines_total': 5981561, 'lines_json_ok': 5981561, 'lines_used': 5981561, 'samples': 86151, 'error': None, 'resampled_rows': 1440, 'columns': ['obi', 'obi_1', 'obi_5', 'obi_20', 'ob_spread', 'spread', 'ob_spread_bps', 'ob_microprice', 'ob_depth_bid_1', 'ob_depth_ask_1', 'ob_depth_bid_5', 'ob_depth_ask_5', 'ob_depth_bid_20', 'ob_depth_ask_20', 'ob_ask_wall_size_20', 'ob_ask_wall_conc_20', 'ob_ask_wall_levels_20', 'ob_bid_wall_size_20', 'ob_bid_wall_conc_20', 'ob_bid_wall_levels_20', 'ob_mid_open', 'ob_mid_high', 'ob_mid_low', 'ob_mid_close', 'ob_quote_count'], 'non_null_obi': 1.0, 'non_null_obi_20': 1.0}"
2025-10-18,/Users/xuchuanxi/lianghua/raw_data/data/trades/ETH-USDT-trades-2025-10-18.csv,8952,/Users/xuchuanxi/lianghua/raw_data/data/orderbook/ETH-USDT-L2orderbook-400lv-2025-10-18.data,/Users/xuchuanxi/lianghua/raw_data/data/orderbook/ETH-USDT-L2orderbook-400lv-2025-10-17.data,1.0,,"{'file': '/Users/xuchuanxi/lianghua/raw_data/data/orderbook/ETH-USDT-L2orderbook-400lv-2025-10-18.data', 'top_n': 20, 'sample_ms': 1000, 'lines_total': 4977952, 'lines_json_ok': 4977952, 'lines_used': 4977952, 'samples': 86098, 'error': None, 'resampled_rows': 1440, 'columns': ['obi', 'obi_1', 'obi_5', 'obi_20', 'ob_spread', 'spread', 'ob_spread_bps', 'ob_microprice', 'ob_depth_bid_1', 'ob_depth_ask_1', 'ob_depth_bid_5', 'ob_depth_ask_5', 'ob_depth_bid_20', 'ob_depth_ask_20', 'ob_ask_wall_size_20', 'ob_ask_wall_conc_20', 'ob_ask_wall_levels_20', 'ob_bid_wall_size_20', 'ob_bid_wall_conc_20', 'ob_bid_wall_levels_20', 'ob_mid_open', 'ob_mid_high', 'ob_mid_low', 'ob_mid_close', 'ob_quote_count'], 'non_null_obi': 1.0, 'non_null_obi_20': 1.0}"
2025-10-14,/Users/xuchuanxi/lianghua/raw_data/data/trades/ETH-USDT-trades-2025-10-14.csv,11482,/Users/xuchuanxi/lianghua/raw_data/data/orderbook/ETH-USDT-L2orderbook-400lv-2025-10-14.data,/Users/xuchuanxi/lianghua/raw_data/data/orderbook/ETH-USDT-L2orderbook-400lv-2025-10-13.data,1.0,,"{'file': '/Users/xuchuanxi/lianghua/raw_data/data/orderbook/ETH-USDT-L2orderbook-400lv-2025-10-14.data', 'top_n': 20, 'sample_ms': 1000, 'lines_total': 6787208, 'lines_json_ok': 6787208, 'lines_used': 6787208, 'samples': 86203, 'error': None, 'resampled_rows': 1440, 'columns': ['obi', 'obi_1', 'obi_5', 'obi_20', 'ob_spread', 'spread', 'ob_spread_bps', 'ob_microprice', 'ob_depth_bid_1', 'ob_depth_ask_1', 'ob_depth_bid_5', 'ob_depth_ask_5', 'ob_depth_bid_20', 'ob_depth_ask_20', 'ob_ask_wall_size_20', 'ob_ask_wall_conc_20', 'ob_ask_wall_levels_20', 'ob_bid_wall_size_20', 'ob_bid_wall_conc_20', 'ob_bid_wall_levels_20', 'ob_mid_open', 'ob_mid_high', 'ob_mid_low', 'ob_mid_close', 'ob_quote_count'], 'non_null_obi': 1.0, 'non_null_obi_20': 1.0}"
2025-10-15,/Users/xuchuanxi/lianghua/raw_data/data/trades/ETH-USDT-trades-2025-10-15.csv,10966,/Users/xuchuanxi/lianghua/raw_data/data/orderbook/ETH-USDT-L2orderbook-400lv-2025-10-15.data,/Users/xuchuanxi/lianghua/raw_data/data/orderbook/ETH-USDT-L2orderbook-400lv-2025-10-14.data,1.0,,"{'file': '/Users/xuchuanxi/lianghua/raw_data/data/orderbook/ETH-USDT-L2orderbook-400lv-2025-10-15.data', 'top_n': 20, 'sample_ms': 1000, 'lines_total': 6545884, 'lines_json_ok': 6545884, 'lines_used': 6545884, 'samples': 86189, 'error': None, 'resampled_rows': 1440, 'columns': ['obi', 'obi_1', 'obi_5', 'obi_20', 'ob_spread', 'spread', 'ob_spread_bps', 'ob_microprice', 'ob_depth_bid_1', 'ob_depth_ask_1', 'ob_depth_bid_5', 'ob_depth_ask_5', 'ob_depth_bid_20', 'ob_depth_ask_20', 'ob_ask_wall_size_20', 'ob_ask_wall_conc_20', 'ob_ask_wall_levels_20', 'ob_bid_wall_size_20', 'ob_bid_wall_conc_20', 'ob_bid_wall_levels_20', 'ob_mid_open', 'ob_mid_high', 'ob_mid_low', 'ob_mid_close', 'ob_quote_count'], 'non_null_obi': 1.0, 'non_null_obi_20': 1.0}"
2025-10-21,/Users/xuchuanxi/lianghua/raw_data/data/trades/ETH-USDT-trades-2025-10-21.csv,13293,/Users/xuchuanxi/lianghua/raw_data/data/orderbook/ETH-USDT-L2orderbook-400lv-2025-10-21.data,/Users/xuchuanxi/lianghua/raw_data/data/orderbook/ETH-USDT-L2orderbook-400lv-2025-10-20.data,1.0,,"{'file': '/Users/xuchuanxi/lianghua/raw_data/data/orderbook/ETH-USDT-L2orderbook-400lv-2025-10-21.data', 'top_n': 20, 'sample_ms': 1000, 'lines_total': 5899417, 'lines_json_ok': 5899417, 'lines_used': 5899417, 'samples': 86187, 'error': None, 'resampled_rows': 1440, 'columns': ['obi', 'obi_1', 'obi_5', 'obi_20', 'ob_spread', 'spread', 'ob_spread_bps', 'ob_microprice', 'ob_depth_bid_1', 'ob_depth_ask_1', 'ob_depth_bid_5', 'ob_depth_ask_5', 'ob_depth_bid_20', 'ob_depth_ask_20', 'ob_ask_wall_size_20', 'ob_ask_wall_conc_20', 'ob_ask_wall_levels_20', 'ob_bid_wall_size_20', 'ob_bid_wall_conc_20', 'ob_bid_wall_levels_20', 'ob_mid_open', 'ob_mid_high', 'ob_mid_low', 'ob_mid_close', 'ob_quote_count'], 'non_null_obi': 1.0, 'non_null_obi_20': 1.0}"
2025-10-23,/Users/xuchuanxi/lianghua/raw_data/data/trades/ETH-USDT-trades-2025-10-23.csv,8615,/Users/xuchuanxi/lianghua/raw_data/data/orderbook/ETH-USDT-L2orderbook-400lv-2025-10-23.data,/Users/xuchuanxi/lianghua/raw_data/data/orderbook/ETH-USDT-L2orderbook-400lv-2025-10-22.data,1.0,,"{'file': '/Users/xuchuanxi/lianghua/raw_data/data/orderbook/ETH-USDT-L2orderbook-400lv-2025-10-23.data', 'top_n': 20, 'sample_ms': 1000, 'lines_total': 5187892, 'lines_json_ok': 5187892, 'lines_used': 5187892, 'samples': 86012, 'error': None, 'resampled_rows': 1440, 'columns': ['obi', 'obi_1', 'obi_5', 'obi_20', 'ob_spread', 'spread', 'ob_spread_bps', 'ob_microprice', 'ob_depth_bid_1', 'ob_depth_ask_1', 'ob_depth_bid_5', 'ob_depth_ask_5', 'ob_depth_bid_20', 'ob_depth_ask_20', 'ob_ask_wall_size_20', 'ob_ask_wall_conc_20', 'ob_ask_wall_levels_20', 'ob_bid_wall_size_20', 'ob_bid_wall_conc_20', 'ob_bid_wall_levels_20', 'ob_mid_open', 'ob_mid_high', 'ob_mid_low', 'ob_mid_close', 'ob_quote_count'], 'non_null_obi': 1.0, 'non_null_obi_20': 1.0}"
2025-10-16,/Users/xuchuanxi/lianghua/raw_data/data/trades/ETH-USDT-trades-2025-10-16.csv,9794,/Users/xuchuanxi/lianghua/raw_data/data/orderbook/ETH-USDT-L2orderbook-400lv-2025-10-16.data,/Users/xuchuanxi/lianghua/raw_data/data/orderbook/ETH-USDT-L2orderbook-400lv-2025-10-15.data,1.0,,"{'file': '/Users/xuchuanxi/lianghua/raw_data/data/orderbook/ETH-USDT-L2orderbook-400lv-2025-10-16.data', 'top_n': 20, 'sample_ms': 1000, 'lines_total': 6782622, 'lines_json_ok': 6782622, 'lines_used': 6782622, 'samples': 86166, 'error': None, 'resampled_rows': 1440, 'columns': ['obi', 'obi_1', 'obi_5', 'obi_20', 'ob_spread', 'spread', 'ob_spread_bps', 'ob_microprice', 'ob_depth_bid_1', 'ob_depth_ask_1', 'ob_depth_bid_5', 'ob_depth_ask_5', 'ob_depth_bid_20', 'ob_depth_ask_20', 'ob_ask_wall_size_20', 'ob_ask_wall_conc_20', 'ob_ask_wall_levels_20', 'ob_bid_wall_size_20', 'ob_bid_wall_conc_20', 'ob_bid_wall_levels_20', 'ob_mid_open', 'ob_mid_high', 'ob_mid_low', 'ob_mid_close', 'ob_quote_count'], 'non_null_obi': 1.0, 'non_null_obi_20': 1.0}"
2025-10-24,/Users/xuchuanxi/lianghua/raw_data/data/trades/ETH-USDT-trades-2025-10-24.csv,8369,/Users/xuchuanxi/lianghua/raw_data/data/orderbook/ETH-USDT-L2orderbook-400lv-2025-10-24.data,/Users/xuchuanxi/lianghua/raw_data/data/orderbook/ETH-USDT-L2orderbook-400lv-2025-10-23.data,1.0,,"{'file': '/Users/xuchuanxi/lianghua/raw_data/data/orderbook/ETH-USDT-L2orderbook-400lv-2025-10-24.data', 'top_n': 20, 'sample_ms': 1000, 'lines_total': 5093405, 'lines_json_ok': 5093405, 'lines_used': 5093405, 'samples': 85927, 'error': None, 'resampled_rows': 1440, 'columns': ['obi', 'obi_1', 'obi_5', 'obi_20', 'ob_spread', 'spread', 'ob_spread_bps', 'ob_microprice', 'ob_depth_bid_1', 'ob_depth_ask_1', 'ob_depth_bid_5', 'ob_depth_ask_5', 'ob_depth_bid_20', 'ob_depth_ask_20', 'ob_ask_wall_size_20', 'ob_ask_wall_conc_20', 'ob_ask_wall_levels_20', 'ob_bid_wall_size_20', 'ob_bid_wall_conc_20', 'ob_bid_wall_levels_20', 'ob_mid_open', 'ob_mid_high', 'ob_mid_low', 'ob_mid_close', 'ob_quote_count'], 'non_null_obi': 1.0, 'non_null_obi_20': 1.0}"
2025-10-17,/Users/xuchuanxi/lianghua/raw_data/data/trades/ETH-USDT-trades-2025-10-17.csv,11999,/Users/xuchuanxi/lianghua/raw_data/data/orderbook/ETH-USDT-L2orderbook-400lv-2025-10-17.data,/Users/xuchuanxi/lianghua/raw_data/data/orderbook/ETH-USDT-L2orderbook-400lv-2025-10-16.data,1.0,,"{'file': '/Users/xuchuanxi/lianghua/raw_data/data/orderbook/ETH-USDT-L2orderbook-400lv-2025-10-17.data', 'top_n': 20, 'sample_ms': 1000, 'lines_total': 6838984, 'lines_json_ok': 6838984, 'lines_used': 6838984, 'samples': 86238, 'error': None, 'resampled_rows': 1440, 'columns': ['obi', 'obi_1', 'obi_5', 'obi_20', 'ob_spread', 'spread', 'ob_spread_bps', 'ob_microprice', 'ob_depth_bid_1', 'ob_depth_ask_1', 'ob_depth_bid_5', 'ob_depth_ask_5', 'ob_depth_bid_20', 'ob_depth_ask_20', 'ob_ask_wall_size_20', 'ob_ask_wall_conc_20', 'ob_ask_wall_levels_20', 'ob_bid_wall_size_20', 'ob_bid_wall_conc_20', 'ob_bid_wall_levels_20', 'ob_mid_open', 'ob_mid_high', 'ob_mid_low', 'ob_mid_close', 'ob_quote_count'], 'non_null_obi': 1.0, 'non_null_obi_20': 1.0}"
2025-10-22,/Users/xuchuanxi/lianghua/raw_data/data/trades/ETH-USDT-trades-2025-10-22.csv,7998,/Users/xuchuanxi/lianghua/raw_data/data/orderbook/ETH-USDT-L2orderbook-400lv-2025-10-22.data,/Users/xuchuanxi/lianghua/raw_data/data/orderbook/ETH-USDT-L2orderbook-400lv-2025-10-21.data,1.0,,"{'file': '/Users/xuchuanxi/lianghua/raw_data/data/orderbook/ETH-USDT-L2orderbook-400lv-2025-10-22.data', 'top_n': 20, 'sample_ms': 1000, 'lines_total': 5878304, 'lines_json_ok': 5878304, 'lines_used': 5878304, 'samples': 86196, 'error': None, 'resampled_rows': 1440, 'columns': ['obi', 'obi_1', 'obi_5', 'obi_20', 'ob_spread', 'spread', 'ob_spread_bps', 'ob_microprice', 'ob_depth_bid_1', 'ob_depth_ask_1', 'ob_depth_bid_5', 'ob_depth_ask_5', 'ob_depth_bid_20', 'ob_depth_ask_20', 'ob_ask_wall_size_20', 'ob_ask_wall_conc_20', 'ob_ask_wall_levels_20', 'ob_bid_wall_size_20', 'ob_bid_wall_conc_20', 'ob_bid_wall_levels_20', 'ob_mid_open', 'ob_mid_high', 'ob_mid_low', 'ob_mid_close', 'ob_quote_count'], 'non_null_obi': 1.0, 'non_null_obi_20': 1.0}"
2025-10-26,/Users/xuchuanxi/lianghua/raw_data/data/trades/ETH-USDT-trades-2025-10-26.csv,6207,/Users/xuchuanxi/lianghua/raw_data/data/orderbook/ETH-USDT-L2orderbook-400lv-2025-10-26.data,/Users/xuchuanxi/lianghua/raw_data/data/orderbook/ETH-USDT-L2orderbook-400lv-2025-10-25.data,1.0,,"{'file': '/Users/xuchuanxi/lianghua/raw_data/data/orderbook/ETH-USDT-L2orderbook-400lv-2025-10-26.data', 'top_n': 20, 'sample_ms': 1000, 'lines_total': 4523747, 'lines_json_ok': 4523747, 'lines_used': 4523747, 'samples': 85998, 'error': None, 'resampled_rows': 1440, 'columns': ['obi', 'obi_1', 'obi_5', 'obi_20', 'ob_spread', 'spread', 'ob_spread_bps', 'ob_microprice', 'ob_depth_bid_1', 'ob_depth_ask_1', 'ob_depth_bid_5', 'ob_depth_ask_5', 'ob_depth_bid_20', 'ob_depth_ask_20', 'ob_ask_wall_size_20', 'ob_ask_wall_conc_20', 'ob_ask_wall_levels_20', 'ob_bid_wall_size_20', 'ob_bid_wall_conc_20', 'ob_bid_wall_levels_20', 'ob_mid_open', 'ob_mid_high', 'ob_mid_low', 'ob_mid_close', 'ob_quote_count'], 'non_null_obi': 1.0, 'non_null_obi_20': 1.0}"
2025-10-25,/Users/xuchuanxi/lianghua/raw_data/data/trades/ETH-USDT-trades-2025-10-25.csv,5996,/Users/xuchuanxi/lianghua/raw_data/data/orderbook/ETH-USDT-L2orderbook-400lv-2025-10-25.data,/Users/xuchuanxi/lianghua/raw_data/data/orderbook/ETH-USDT-L2orderbook-400lv-2025-10-24.data,1.0,,"{'file': '/Users/xuchuanxi/lianghua/raw_data/data/orderbook/ETH-USDT-L2orderbook-400lv-2025-10-25.data', 'top_n': 20, 'sample_ms': 1000, 'lines_total': 3838173, 'lines_json_ok': 3838173, 'lines_used': 3838173, 'samples': 85976, 'error': None, 'resampled_rows': 1440, 'columns': ['obi', 'obi_1', 'obi_5', 'obi_20', 'ob_spread', 'spread', 'ob_spread_bps', 'ob_microprice', 'ob_depth_bid_1', 'ob_depth_ask_1', 'ob_depth_bid_5', 'ob_depth_ask_5', 'ob_depth_bid_20', 'ob_depth_ask_20', 'ob_ask_wall_size_20', 'ob_ask_wall_conc_20', 'ob_ask_wall_levels_20', 'ob_bid_wall_size_20', 'ob_bid_wall_conc_20', 'ob_bid_wall_levels_20', 'ob_mid_open', 'ob_mid_high', 'ob_mid_low', 'ob_mid_close', 'ob_quote_count'], 'non_null_obi': 1.0, 'non_null_obi_20': 1.0}"
2025-11-02,/Users/xuchuanxi/lianghua/raw_data/data/trades/ETH-USDT-trades-2025-11-02.csv,7095,/Users/xuchuanxi/lianghua/raw_data/data/orderbook/ETH-USDT-L2orderbook-400lv-2025-11-02.data,/Users/xuchuanxi/lianghua/raw_data/data/orderbook/ETH-USDT-L2orderbook-400lv-2025-11-01.data,1.0,,"{'file': '/Users/xuchuanxi/lianghua/raw_data/data/orderbook/ETH-USDT-L2orderbook-400lv-2025-11-02.data', 'top_n': 20, 'sample_ms': 1000, 'lines_total': 4771264, 'lines_json_ok': 4771264, 'lines_used': 4771264, 'samples': 86047, 'error': None, 'resampled_rows': 1440, 'columns': ['obi', 'obi_1', 'obi_5', 'obi_20', 'ob_spread', 'spread', 'ob_spread_bps', 'ob_microprice', 'ob_depth_bid_1', 'ob_depth_ask_1', 'ob_depth_bid_5', 'ob_depth_ask_5', 'ob_depth_bid_20', 'ob_depth_ask_20', 'ob_ask_wall_size_20', 'ob_ask_wall_conc_20', 'ob_ask_wall_levels_20', 'ob_bid_wall_size_20', 'ob_bid_wall_conc_20', 'ob_bid_wall_levels_20', 'ob_mid_open', 'ob_mid_high', 'ob_mid_low', 'ob_mid_close', 'ob_quote_count'], 'non_null_obi': 1.0, 'non_null_obi_20': 1.0}"
2025-10-27,/Users/xuchuanxi/lianghua/raw_data/data/trades/ETH-USDT-trades-2025-10-27.csv,6677,/Users/xuchuanxi/lianghua/raw_data/data/orderbook/ETH-USDT-L2orderbook-400lv-2025-10-27.data,/Users/xuchuanxi/lianghua/raw_data/data/orderbook/ETH-USDT-L2orderbook-400lv-2025-10-26.data,1.0,,"{'file': '/Users/xuchuanxi/lianghua/raw_data/data/orderbook/ETH-USDT-L2orderbook-400lv-2025-10-27.data', 'top_n': 20, 'sample_ms': 1000, 'lines_total': 5940036, 'lines_json_ok': 5940036, 'lines_used': 5940036, 'samples': 86112, 'error': None, 'resampled_rows': 1440, 'columns': ['obi', 'obi_1', 'obi_5', 'obi_20', 'ob_spread', 'spread', 'ob_spread_bps', 'ob_microprice', 'ob_depth_bid_1', 'ob_depth_ask_1', 'ob_depth_bid_5', 'ob_depth_ask_5', 'ob_depth_bid_20', 'ob_depth_ask_20', 'ob_ask_wall_size_20', 'ob_ask_wall_conc_20', 'ob_ask_wall_levels_20', 'ob_bid_wall_size_20', 'ob_bid_wall_conc_20', 'ob_bid_wall_levels_20', 'ob_mid_open', 'ob_mid_high', 'ob_mid_low', 'ob_mid_close', 'ob_quote_count'], 'non_null_obi': 1.0, 'non_null_obi_20': 1.0}"
2025-11-01,/Users/xuchuanxi/lianghua/raw_data/data/trades/ETH-USDT-trades-2025-11-01.csv,5641,/Users/xuchuanxi/lianghua/raw_data/data/orderbook/ETH-USDT-L2orderbook-400lv-2025-11-01.data,/Users/xuchuanxi/lianghua/raw_data/data/orderbook/ETH-USDT-L2orderbook-400lv-2025-10-31.data,1.0,,"{'file': '/Users/xuchuanxi/lianghua/raw_data/data/orderbook/ETH-USDT-L2orderbook-400lv-2025-11-01.data', 'top_n': 20, 'sample_ms': 1000, 'lines_total': 4463250, 'lines_json_ok': 4463250, 'lines_used': 4463250, 'samples': 86103, 'error': None, 'resampled_rows': 1440, 'columns': ['obi', 'obi_1', 'obi_5', 'obi_20', 'ob_spread', 'spread', 'ob_spread_bps', 'ob_microprice', 'ob_depth_bid_1', 'ob_depth_ask_1', 'ob_depth_bid_5', 'ob_depth_ask_5', 'ob_depth_bid_20', 'ob_depth_ask_20', 'ob_ask_wall_size_20', 'ob_ask_wall_conc_20', 'ob_ask_wall_levels_20', 'ob_bid_wall_size_20', 'ob_bid_wall_conc_20', 'ob_bid_wall_levels_20', 'ob_mid_open', 'ob_mid_high', 'ob_mid_low', 'ob_mid_close', 'ob_quote_count'], 'non_null_obi': 1.0, 'non_null_obi_20': 1.0}"
2025-10-28,/Users/xuchuanxi/lianghua/raw_data/data/trades/ETH-USDT-trades-2025-10-28.csv,8892,/Users/xuchuanxi/lianghua/raw_data/data/orderbook/ETH-USDT-L2orderbook-400lv-2025-10-28.data,/Users/xuchuanxi/lianghua/raw_data/data/orderbook/ETH-USDT-L2orderbook-400lv-2025-10-27.data,1.0,,"{'file': '/Users/xuchuanxi/lianghua/raw_data/data/orderbook/ETH-USDT-L2orderbook-400lv-2025-10-28.data', 'top_n': 20, 'sample_ms': 1000, 'lines_total': 6223533, 'lines_json_ok': 6223533, 'lines_used': 6223533, 'samples': 86179, 'error': None, 'resampled_rows': 1440, 'columns': ['obi', 'obi_1', 'obi_5', 'obi_20', 'ob_spread', 'spread', 'ob_spread_bps', 'ob_microprice', 'ob_depth_bid_1', 'ob_depth_ask_1', 'ob_depth_bid_5', 'ob_depth_ask_5', 'ob_depth_bid_20', 'ob_depth_ask_20', 'ob_ask_wall_size_20', 'ob_ask_wall_conc_20', 'ob_ask_wall_levels_20', 'ob_bid_wall_size_20', 'ob_bid_wall_conc_20', 'ob_bid_wall_levels_20', 'ob_mid_open', 'ob_mid_high', 'ob_mid_low', 'ob_mid_close', 'ob_quote_count'], 'non_null_obi': 1.0, 'non_null_obi_20': 1.0}"
2025-10-29,/Users/xuchuanxi/lianghua/raw_data/data/trades/ETH-USDT-trades-2025-10-29.csv,7289,/Users/xuchuanxi/lianghua/raw_data/data/orderbook/ETH-USDT-L2orderbook-400lv-2025-10-29.data,/Users/xuchuanxi/lianghua/raw_data/data/orderbook/ETH-USDT-L2orderbook-400lv-2025-10-28.data,1.0,,"{'file': '/Users/xuchuanxi/lianghua/raw_data/data/orderbook/ETH-USDT-L2orderbook-400lv-2025-10-29.data', 'top_n': 20, 'sample_ms': 1000, 'lines_total': 6112900, 'lines_json_ok': 6112900, 'lines_used': 6112900, 'samples': 86089, 'error': None, 'resampled_rows': 1440, 'columns': ['obi', 'obi_1', 'obi_5', 'obi_20', 'ob_spread', 'spread', 'ob_spread_bps', 'ob_microprice', 'ob_depth_bid_1', 'ob_depth_ask_1', 'ob_depth_bid_5', 'ob_depth_ask_5', 'ob_depth_bid_20', 'ob_depth_ask_20', 'ob_ask_wall_size_20', 'ob_ask_wall_conc_20', 'ob_ask_wall_levels_20', 'ob_bid_wall_size_20', 'ob_bid_wall_conc_20', 'ob_bid_wall_levels_20', 'ob_mid_open', 'ob_mid_high', 'ob_mid_low', 'ob_mid_close', 'ob_quote_count'], 'non_null_obi': 1.0, 'non_null_obi_20': 1.0}"
2025-10-31,/Users/xuchuanxi/lianghua/raw_data/data/trades/ETH-USDT-trades-2025-10-31.csv,8288,/Users/xuchuanxi/lianghua/raw_data/data/orderbook/ETH-USDT-L2orderbook-400lv-2025-10-31.data,/Users/xuchuanxi/lianghua/raw_data/data/orderbook/ETH-USDT-L2orderbook-400lv-2025-10-30.data,1.0,,"{'file': '/Users/xuchuanxi/lianghua/raw_data/data/orderbook/ETH-USDT-L2orderbook-400lv-2025-10-31.data', 'top_n': 20, 'sample_ms': 1000, 'lines_total': 6084191, 'lines_json_ok': 6084191, 'lines_used': 6084191, 'samples': 86155, 'error': None, 'resampled_rows': 1440, 'columns': ['obi', 'obi_1', 'obi_5', 'obi_20', 'ob_spread', 'spread', 'ob_spread_bps', 'ob_microprice', 'ob_depth_bid_1', 'ob_depth_ask_1', 'ob_depth_bid_5', 'ob_depth_ask_5', 'ob_depth_bid_20', 'ob_depth_ask_20', 'ob_ask_wall_size_20', 'ob_ask_wall_conc_20', 'ob_ask_wall_levels_20', 'ob_bid_wall_size_20', 'ob_bid_wall_conc_20', 'ob_bid_wall_levels_20', 'ob_mid_open', 'ob_mid_high', 'ob_mid_low', 'ob_mid_close', 'ob_quote_count'], 'non_null_obi': 1.0, 'non_null_obi_20': 1.0}"
2025-11-03,/Users/xuchuanxi/lianghua/raw_data/data/trades/ETH-USDT-trades-2025-11-03.csv,15561,/Users/xuchuanxi/lianghua/raw_data/data/orderbook/ETH-USDT-L2orderbook-400lv-2025-11-03.data,/Users/xuchuanxi/lianghua/raw_data/data/orderbook/ETH-USDT-L2orderbook-400lv-2025-11-02.data,1.0,,"{'file': '/Users/xuchuanxi/lianghua/raw_data/data/orderbook/ETH-USDT-L2orderbook-400lv-2025-11-03.data', 'top_n': 20, 'sample_ms': 1000, 'lines_total': 6177895, 'lines_json_ok': 6177895, 'lines_used': 6177895, 'samples': 86168, 'error': None, 'resampled_rows': 1440, 'columns': ['obi', 'obi_1', 'obi_5', 'obi_20', 'ob_spread', 'spread', 'ob_spread_bps', 'ob_microprice', 'ob_depth_bid_1', 'ob_depth_ask_1', 'ob_depth_bid_5', 'ob_depth_ask_5', 'ob_depth_bid_20', 'ob_depth_ask_20', 'ob_ask_wall_size_20', 'ob_ask_wall_conc_20', 'ob_ask_wall_levels_20', 'ob_bid_wall_size_20', 'ob_bid_wall_conc_20', 'ob_bid_wall_levels_20', 'ob_mid_open', 'ob_mid_high', 'ob_mid_low', 'ob_mid_close', 'ob_quote_count'], 'non_null_obi': 1.0, 'non_null_obi_20': 1.0}"
2025-10-30,/Users/xuchuanxi/lianghua/raw_data/data/trades/ETH-USDT-trades-2025-10-30.csv,9036,/Users/xuchuanxi/lianghua/raw_data/data/orderbook/ETH-USDT-L2orderbook-400lv-2025-10-30.data,/Users/xuchuanxi/lianghua/raw_data/data/orderbook/ETH-USDT-L2orderbook-400lv-2025-10-29.data,1.0,,"{'file': '/Users/xuchuanxi/lianghua/raw_data/data/orderbook/ETH-USDT-L2orderbook-400lv-2025-10-30.data', 'top_n': 20, 'sample_ms': 1000, 'lines_total': 6636309, 'lines_json_ok': 6636309, 'lines_used': 6636309, 'samples': 86184, 'error': None, 'resampled_rows': 1440, 'columns': ['obi', 'obi_1', 'obi_5', 'obi_20', 'ob_spread', 'spread', 'ob_spread_bps', 'ob_microprice', 'ob_depth_bid_1', 'ob_depth_ask_1', 'ob_depth_bid_5', 'ob_depth_ask_5', 'ob_depth_bid_20', 'ob_depth_ask_20', 'ob_ask_wall_size_20', 'ob_ask_wall_conc_20', 'ob_ask_wall_levels_20', 'ob_bid_wall_size_20', 'ob_bid_wall_conc_20', 'ob_bid_wall_levels_20', 'ob_mid_open', 'ob_mid_high', 'ob_mid_low', 'ob_mid_close', 'ob_quote_count'], 'non_null_obi': 1.0, 'non_null_obi_20': 1.0}"
2025-11-06,/Users/xuchuanxi/lianghua/raw_data/data/trades/ETH-USDT-trades-2025-11-06.csv,10076,/Users/xuchuanxi/lianghua/raw_data/data/orderbook/ETH-USDT-L2orderbook-400lv-2025-11-06.data,/Users/xuchuanxi/lianghua/raw_data/data/orderbook/ETH-USDT-L2orderbook-400lv-2025-11-05.data,1.0,,"{'file': '/Users/xuchuanxi/lianghua/raw_data/data/orderbook/ETH-USDT-L2orderbook-400lv-2025-11-06.data', 'top_n': 20, 'sample_ms': 1000, 'lines_total': 6647828, 'lines_json_ok': 6647828, 'lines_used': 6647828, 'samples': 86024, 'error': None, 'resampled_rows': 1440, 'columns': ['obi', 'obi_1', 'obi_5', 'obi_20', 'ob_spread', 'spread', 'ob_spread_bps', 'ob_microprice', 'ob_depth_bid_1', 'ob_depth_ask_1', 'ob_depth_bid_5', 'ob_depth_ask_5', 'ob_depth_bid_20', 'ob_depth_ask_20', 'ob_ask_wall_size_20', 'ob_ask_wall_conc_20', 'ob_ask_wall_levels_20', 'ob_bid_wall_size_20', 'ob_bid_wall_conc_20', 'ob_bid_wall_levels_20', 'ob_mid_open', 'ob_mid_high', 'ob_mid_low', 'ob_mid_close', 'ob_quote_count'], 'non_null_obi': 1.0, 'non_null_obi_20': 1.0}"
2025-11-05,/Users/xuchuanxi/lianghua/raw_data/data/trades/ETH-USDT-trades-2025-11-05.csv,15301,/Users/xuchuanxi/lianghua/raw_data/data/orderbook/ETH-USDT-L2orderbook-400lv-2025-11-05.data,/Users/xuchuanxi/lianghua/raw_data/data/orderbook/ETH-USDT-L2orderbook-400lv-2025-11-04.data,1.0,,"{'file': '/Users/xuchuanxi/lianghua/raw_data/data/orderbook/ETH-USDT-L2orderbook-400lv-2025-11-05.data', 'top_n': 20, 'sample_ms': 1000, 'lines_total': 6639871, 'lines_json_ok': 6639871, 'lines_used': 6639871, 'samples': 86150, 'error': None, 'resampled_rows': 1440, 'columns': ['obi', 'obi_1', 'obi_5', 'obi_20', 'ob_spread', 'spread', 'ob_spread_bps', 'ob_microprice', 'ob_depth_bid_1', 'ob_depth_ask_1', 'ob_depth_bid_5', 'ob_depth_ask_5', 'ob_depth_bid_20', 'ob_depth_ask_20', 'ob_ask_wall_size_20', 'ob_ask_wall_conc_20', 'ob_ask_wall_levels_20', 'ob_bid_wall_size_20', 'ob_bid_wall_conc_20', 'ob_bid_wall_levels_20', 'ob_mid_open', 'ob_mid_high', 'ob_mid_low', 'ob_mid_close', 'ob_quote_count'], 'non_null_obi': 1.0, 'non_null_obi_20': 1.0}"
2025-11-04,/Users/xuchuanxi/lianghua/raw_data/data/trades/ETH-USDT-trades-2025-11-04.csv,9349,/Users/xuchuanxi/lianghua/raw_data/data/orderbook/ETH-USDT-L2orderbook-400lv-2025-11-04.data,/Users/xuchuanxi/lianghua/raw_data/data/orderbook/ETH-USDT-L2orderbook-400lv-2025-11-03.data,1.0,,"{'file': '/Users/xuchuanxi/lianghua/raw_data/data/orderbook/ETH-USDT-L2orderbook-400lv-2025-11-04.data', 'top_n': 20, 'sample_ms': 1000, 'lines_total': 7203895, 'lines_json_ok': 7203895, 'lines_used': 7203895, 'samples': 86244, 'error': None, 'resampled_rows': 1440, 'columns': ['obi', 'obi_1', 'obi_5', 'obi_20', 'ob_spread', 'spread', 'ob_spread_bps', 'ob_microprice', 'ob_depth_bid_1', 'ob_depth_ask_1', 'ob_depth_bid_5', 'ob_depth_ask_5', 'ob_depth_bid_20', 'ob_depth_ask_20', 'ob_ask_wall_size_20', 'ob_ask_wall_conc_20', 'ob_ask_wall_levels_20', 'ob_bid_wall_size_20', 'ob_bid_wall_conc_20', 'ob_bid_wall_levels_20', 'ob_mid_open', 'ob_mid_high', 'ob_mid_low', 'ob_mid_close', 'ob_quote_count'], 'non_null_obi': 1.0, 'non_null_obi_20': 1.0}"
2025-11-09,/Users/xuchuanxi/lianghua/raw_data/data/trades/ETH-USDT-trades-2025-11-09.csv,11509,/Users/xuchuanxi/lianghua/raw_data/data/orderbook/ETH-USDT-L2orderbook-400lv-2025-11-09.data,/Users/xuchuanxi/lianghua/raw_data/data/orderbook/ETH-USDT-L2orderbook-400lv-2025-11-08.data,1.0,,"{'file': '/Users/xuchuanxi/lianghua/raw_data/data/orderbook/ETH-USDT-L2orderbook-400lv-2025-11-09.data', 'top_n': 20, 'sample_ms': 1000, 'lines_total': 5527198, 'lines_json_ok': 5527198, 'lines_used': 5527198, 'samples': 86106, 'error': None, 'resampled_rows': 1440, 'columns': ['obi', 'obi_1', 'obi_5', 'obi_20', 'ob_spread', 'spread', 'ob_spread_bps', 'ob_microprice', 'ob_depth_bid_1', 'ob_depth_ask_1', 'ob_depth_bid_5', 'ob_depth_ask_5', 'ob_depth_bid_20', 'ob_depth_ask_20', 'ob_ask_wall_size_20', 'ob_ask_wall_conc_20', 'ob_ask_wall_levels_20', 'ob_bid_wall_size_20', 'ob_bid_wall_conc_20', 'ob_bid_wall_levels_20', 'ob_mid_open', 'ob_mid_high', 'ob_mid_low', 'ob_mid_close', 'ob_quote_count'], 'non_null_obi': 1.0, 'non_null_obi_20': 1.0}"
2025-11-07,/Users/xuchuanxi/lianghua/raw_data/data/trades/ETH-USDT-trades-2025-11-07.csv,15139,/Users/xuchuanxi/lianghua/raw_data/data/orderbook/ETH-USDT-L2orderbook-400lv-2025-11-07.data,/Users/xuchuanxi/lianghua/raw_data/data/orderbook/ETH-USDT-L2orderbook-400lv-2025-11-06.data,1.0,,"{'file': '/Users/xuchuanxi/lianghua/raw_data/data/orderbook/ETH-USDT-L2orderbook-400lv-2025-11-07.data', 'top_n': 20, 'sample_ms': 1000, 'lines_total': 6970867, 'lines_json_ok': 6970867, 'lines_used': 6970867, 'samples': 86165, 'error': None, 'resampled_rows': 1440, 'columns': ['obi', 'obi_1', 'obi_5', 'obi_20', 'ob_spread', 'spread', 'ob_spread_bps', 'ob_microprice', 'ob_depth_bid_1', 'ob_depth_ask_1', 'ob_depth_bid_5', 'ob_depth_ask_5', 'ob_depth_bid_20', 'ob_depth_ask_20', 'ob_ask_wall_size_20', 'ob_ask_wall_conc_20', 'ob_ask_wall_levels_20', 'ob_bid_wall_size_20', 'ob_bid_wall_conc_20', 'ob_bid_wall_levels_20', 'ob_mid_open', 'ob_mid_high', 'ob_mid_low', 'ob_mid_close', 'ob_quote_count'], 'non_null_obi': 1.0, 'non_null_obi_20': 1.0}"
2025-11-10,/Users/xuchuanxi/lianghua/raw_data/data/trades/ETH-USDT-trades-2025-11-10.csv,10233,/Users/xuchuanxi/lianghua/raw_data/data/orderbook/ETH-USDT-L2orderbook-400lv-2025-11-10.data,/Users/xuchuanxi/lianghua/raw_data/data/orderbook/ETH-USDT-L2orderbook-400lv-2025-11-09.data,1.0,,"{'file': '/Users/xuchuanxi/lianghua/raw_data/data/orderbook/ETH-USDT-L2orderbook-400lv-2025-11-10.data', 'top_n': 20, 'sample_ms': 1000, 'lines_total': 6427072, 'lines_json_ok': 6427072, 'lines_used': 6427072, 'samples': 86135, 'error': None, 'resampled_rows': 1440, 'columns': ['obi', 'obi_1', 'obi_5', 'obi_20', 'ob_spread', 'spread', 'ob_spread_bps', 'ob_microprice', 'ob_depth_bid_1', 'ob_depth_ask_1', 'ob_depth_bid_5', 'ob_depth_ask_5', 'ob_depth_bid_20', 'ob_depth_ask_20', 'ob_ask_wall_size_20', 'ob_ask_wall_conc_20', 'ob_ask_wall_levels_20', 'ob_bid_wall_size_20', 'ob_bid_wall_conc_20', 'ob_bid_wall_levels_20', 'ob_mid_open', 'ob_mid_high', 'ob_mid_low', 'ob_mid_close', 'ob_quote_count'], 'non_null_obi': 1.0, 'non_null_obi_20': 1.0}"
2025-11-11,/Users/xuchuanxi/lianghua/raw_data/data/trades/ETH-USDT-trades-2025-11-11.csv,13580,/Users/xuchuanxi/lianghua/raw_data/data/orderbook/ETH-USDT-L2orderbook-400lv-2025-11-11.data,/Users/xuchuanxi/lianghua/raw_data/data/orderbook/ETH-USDT-L2orderbook-400lv-2025-11-10.data,1.0,,"{'file': '/Users/xuchuanxi/lianghua/raw_data/data/orderbook/ETH-USDT-L2orderbook-400lv-2025-11-11.data', 'top_n': 20, 'sample_ms': 1000, 'lines_total': 6528344, 'lines_json_ok': 6528344, 'lines_used': 6528344, 'samples': 86152, 'error': None, 'resampled_rows': 1440, 'columns': ['obi', 'obi_1', 'obi_5', 'obi_20', 'ob_spread', 'spread', 'ob_spread_bps', 'ob_microprice', 'ob_depth_bid_1', 'ob_depth_ask_1', 'ob_depth_bid_5', 'ob_depth_ask_5', 'ob_depth_bid_20', 'ob_depth_ask_20', 'ob_ask_wall_size_20', 'ob_ask_wall_conc_20', 'ob_ask_wall_levels_20', 'ob_bid_wall_size_20', 'ob_bid_wall_conc_20', 'ob_bid_wall_levels_20', 'ob_mid_open', 'ob_mid_high', 'ob_mid_low', 'ob_mid_close', 'ob_quote_count'], 'non_null_obi': 1.0, 'non_null_obi_20': 1.0}"
2025-11-08,/Users/xuchuanxi/lianghua/raw_data/data/trades/ETH-USDT-trades-2025-11-08.csv,12767,/Users/xuchuanxi/lianghua/raw_data/data/orderbook/ETH-USDT-L2orderbook-400lv-2025-11-08.data,/Users/xuchuanxi/lianghua/raw_data/data/orderbook/ETH-USDT-L2orderbook-400lv-2025-11-07.data,1.0,,"{'file': '/Users/xuchuanxi/lianghua/raw_data/data/orderbook/ETH-USDT-L2orderbook-400lv-2025-11-08.data', 'top_n': 20, 'sample_ms': 1000, 'lines_total': 5656628, 'lines_json_ok': 5656628, 'lines_used': 5656628, 'samples': 86056, 'error': None, 'resampled_rows': 1440, 'columns': ['obi', 'obi_1', 'obi_5', 'obi_20', 'ob_spread', 'spread', 'ob_spread_bps', 'ob_microprice', 'ob_depth_bid_1', 'ob_depth_ask_1', 'ob_depth_bid_5', 'ob_depth_ask_5', 'ob_depth_bid_20', 'ob_depth_ask_20', 'ob_ask_wall_size_20', 'ob_ask_wall_conc_20', 'ob_ask_wall_levels_20', 'ob_bid_wall_size_20', 'ob_bid_wall_conc_20', 'ob_bid_wall_levels_20', 'ob_mid_open', 'ob_mid_high', 'ob_mid_low', 'ob_mid_close', 'ob_quote_count'], 'non_null_obi': 1.0, 'non_null_obi_20': 1.0}"
2025-11-12,/Users/xuchuanxi/lianghua/raw_data/data/trades/ETH-USDT-trades-2025-11-12.csv,8810,/Users/xuchuanxi/lianghua/raw_data/data/orderbook/ETH-USDT-L2orderbook-400lv-2025-11-12.data,/Users/xuchuanxi/lianghua/raw_data/data/orderbook/ETH-USDT-L2orderbook-400lv-2025-11-11.data,1.0,,"{'file': '/Users/xuchuanxi/lianghua/raw_data/data/orderbook/ETH-USDT-L2orderbook-400lv-2025-11-12.data', 'top_n': 20, 'sample_ms': 1000, 'lines_total': 6316688, 'lines_json_ok': 6316688, 'lines_used': 6316688, 'samples': 86109, 'error': None, 'resampled_rows': 1440, 'columns': ['obi', 'obi_1', 'obi_5', 'obi_20', 'ob_spread', 'spread', 'ob_spread_bps', 'ob_microprice', 'ob_depth_bid_1', 'ob_depth_ask_1', 'ob_depth_bid_5', 'ob_depth_ask_5', 'ob_depth_bid_20', 'ob_depth_ask_20', 'ob_ask_wall_size_20', 'ob_ask_wall_conc_20', 'ob_ask_wall_levels_20', 'ob_bid_wall_size_20', 'ob_bid_wall_conc_20', 'ob_bid_wall_levels_20', 'ob_mid_open', 'ob_mid_high', 'ob_mid_low', 'ob_mid_close', 'ob_quote_count'], 'non_null_obi': 1.0, 'non_null_obi_20': 1.0}"
2025-11-15,/Users/xuchuanxi/lianghua/raw_data/data/trades/ETH-USDT-trades-2025-11-15.csv,9889,/Users/xuchuanxi/lianghua/raw_data/data/orderbook/ETH-USDT-L2orderbook-400lv-2025-11-15.data,/Users/xuchuanxi/lianghua/raw_data/data/orderbook/ETH-USDT-L2orderbook-400lv-2025-11-14.data,1.0,,"{'file': '/Users/xuchuanxi/lianghua/raw_data/data/orderbook/ETH-USDT-L2orderbook-400lv-2025-11-15.data', 'top_n': 20, 'sample_ms': 1000, 'lines_total': 4869748, 'lines_json_ok': 4869748, 'lines_used': 4869748, 'samples': 86017, 'error': None, 'resampled_rows': 1440, 'columns': ['obi', 'obi_1', 'obi_5', 'obi_20', 'ob_spread', 'spread', 'ob_spread_bps', 'ob_microprice', 'ob_depth_bid_1', 'ob_depth_ask_1', 'ob_depth_bid_5', 'ob_depth_ask_5', 'ob_depth_bid_20', 'ob_depth_ask_20', 'ob_ask_wall_size_20', 'ob_ask_wall_conc_20', 'ob_ask_wall_levels_20', 'ob_bid_wall_size_20', 'ob_bid_wall_conc_20', 'ob_bid_wall_levels_20', 'ob_mid_open', 'ob_mid_high', 'ob_mid_low', 'ob_mid_close', 'ob_quote_count'], 'non_null_obi': 1.0, 'non_null_obi_20': 1.0}"
2025-11-13,/Users/xuchuanxi/lianghua/raw_data/data/trades/ETH-USDT-trades-2025-11-13.csv,9015,/Users/xuchuanxi/lianghua/raw_data/data/orderbook/ETH-USDT-L2orderbook-400lv-2025-11-13.data,/Users/xuchuanxi/lianghua/raw_data/data/orderbook/ETH-USDT-L2orderbook-400lv-2025-11-12.data,1.0,,"{'file': '/Users/xuchuanxi/lianghua/raw_data/data/orderbook/ETH-USDT-L2orderbook-400lv-2025-11-13.data', 'top_n': 20, 'sample_ms': 1000, 'lines_total': 6916672, 'lines_json_ok': 6916672, 'lines_used': 6916672, 'samples': 86144, 'error': None, 'resampled_rows': 1440, 'columns': ['obi', 'obi_1', 'obi_5', 'obi_20', 'ob_spread', 'spread', 'ob_spread_bps', 'ob_microprice', 'ob_depth_bid_1', 'ob_depth_ask_1', 'ob_depth_bid_5', 'ob_depth_ask_5', 'ob_depth_bid_20', 'ob_depth_ask_20', 'ob_ask_wall_size_20', 'ob_ask_wall_conc_20', 'ob_ask_wall_levels_20', 'ob_bid_wall_size_20', 'ob_bid_wall_conc_20', 'ob_bid_wall_levels_20', 'ob_mid_open', 'ob_mid_high', 'ob_mid_low', 'ob_mid_close', 'ob_quote_count'], 'non_null_obi': 1.0, 'non_null_obi_20': 1.0}"
2025-11-16,/Users/xuchuanxi/lianghua/raw_data/data/trades/ETH-USDT-trades-2025-11-16.csv,8619,/Users/xuchuanxi/lianghua/raw_data/data/orderbook/ETH-USDT-L2orderbook-400lv-2025-11-16.data,/Users/xuchuanxi/lianghua/raw_data/data/orderbook/ETH-USDT-L2orderbook-400lv-2025-11-15.data,1.0,,"{'file': '/Users/xuchuanxi/lianghua/raw_data/data/orderbook/ETH-USDT-L2orderbook-400lv-2025-11-16.data', 'top_n': 20, 'sample_ms': 1000, 'lines_total': 5777886, 'lines_json_ok': 5777886, 'lines_used': 5777886, 'samples': 86100, 'error': None, 'resampled_rows': 1440, 'columns': ['obi', 'obi_1', 'obi_5', 'obi_20', 'ob_spread', 'spread', 'ob_spread_bps', 'ob_microprice', 'ob_depth_bid_1', 'ob_depth_ask_1', 'ob_depth_bid_5', 'ob_depth_ask_5', 'ob_depth_bid_20', 'ob_depth_ask_20', 'ob_ask_wall_size_20', 'ob_ask_wall_conc_20', 'ob_ask_wall_levels_20', 'ob_bid_wall_size_20', 'ob_bid_wall_conc_20', 'ob_bid_wall_levels_20', 'ob_mid_open', 'ob_mid_high', 'ob_mid_low', 'ob_mid_close', 'ob_quote_count'], 'non_null_obi': 1.0, 'non_null_obi_20': 1.0}"
2025-11-14,/Users/xuchuanxi/lianghua/raw_data/data/trades/ETH-USDT-trades-2025-11-14.csv,12385,/Users/xuchuanxi/lianghua/raw_data/data/orderbook/ETH-USDT-L2orderbook-400lv-2025-11-14.data,/Users/xuchuanxi/lianghua/raw_data/data/orderbook/ETH-USDT-L2orderbook-400lv-2025-11-13.data,1.0,,"{'file': '/Users/xuchuanxi/lianghua/raw_data/data/orderbook/ETH-USDT-L2orderbook-400lv-2025-11-14.data', 'top_n': 20, 'sample_ms': 1000, 'lines_total': 6951570, 'lines_json_ok': 6951570, 'lines_used': 6951570, 'samples': 86180, 'error': None, 'resampled_rows': 1440, 'columns': ['obi', 'obi_1', 'obi_5', 'obi_20', 'ob_spread', 'spread', 'ob_spread_bps', 'ob_microprice', 'ob_depth_bid_1', 'ob_depth_ask_1', 'ob_depth_bid_5', 'ob_depth_ask_5', 'ob_depth_bid_20', 'ob_depth_ask_20', 'ob_ask_wall_size_20', 'ob_ask_wall_conc_20', 'ob_ask_wall_levels_20', 'ob_bid_wall_size_20', 'ob_bid_wall_conc_20', 'ob_bid_wall_levels_20', 'ob_mid_open', 'ob_mid_high', 'ob_mid_low', 'ob_mid_close', 'ob_quote_count'], 'non_null_obi': 1.0, 'non_null_obi_20': 1.0}"
2025-11-17,/Users/xuchuanxi/lianghua/raw_data/data/trades/ETH-USDT-trades-2025-11-17.csv,12403,/Users/xuchuanxi/lianghua/raw_data/data/orderbook/ETH-USDT-L2orderbook-400lv-2025-11-17.data,/Users/xuchuanxi/lianghua/raw_data/data/orderbook/ETH-USDT-L2orderbook-400lv-2025-11-16.data,1.0,,"{'file': '/Users/xuchuanxi/lianghua/raw_data/data/orderbook/ETH-USDT-L2orderbook-400lv-2025-11-17.data', 'top_n': 20, 'sample_ms': 1000, 'lines_total': 6429633, 'lines_json_ok': 6429633, 'lines_used': 6429633, 'samples': 86166, 'error': None, 'resampled_rows': 1440, 'columns': ['obi', 'obi_1', 'obi_5', 'obi_20', 'ob_spread', 'spread', 'ob_spread_bps', 'ob_microprice', 'ob_depth_bid_1', 'ob_depth_ask_1', 'ob_depth_bid_5', 'ob_depth_ask_5', 'ob_depth_bid_20', 'ob_depth_ask_20', 'ob_ask_wall_size_20', 'ob_ask_wall_conc_20', 'ob_ask_wall_levels_20', 'ob_bid_wall_size_20', 'ob_bid_wall_conc_20', 'ob_bid_wall_levels_20', 'ob_mid_open', 'ob_mid_high', 'ob_mid_low', 'ob_mid_close', 'ob_quote_count'], 'non_null_obi': 1.0, 'non_null_obi_20': 1.0}"
2025-11-18,/Users/xuchuanxi/lianghua/raw_data/data/trades/ETH-USDT-trades-2025-11-18.csv,14511,/Users/xuchuanxi/lianghua/raw_data/data/orderbook/ETH-USDT-L2orderbook-400lv-2025-11-18.data,/Users/xuchuanxi/lianghua/raw_data/data/orderbook/ETH-USDT-L2orderbook-400lv-2025-11-17.data,1.0,,"{'file': '/Users/xuchuanxi/lianghua/raw_data/data/orderbook/ETH-USDT-L2orderbook-400lv-2025-11-18.data', 'top_n': 20, 'sample_ms': 1000, 'lines_total': 6393206, 'lines_json_ok': 6393206, 'lines_used': 6393206, 'samples': 86140, 'error': None, 'resampled_rows': 1440, 'columns': ['obi', 'obi_1', 'obi_5', 'obi_20', 'ob_spread', 'spread', 'ob_spread_bps', 'ob_microprice', 'ob_depth_bid_1', 'ob_depth_ask_1', 'ob_depth_bid_5', 'ob_depth_ask_5', 'ob_depth_bid_20', 'ob_depth_ask_20', 'ob_ask_wall_size_20', 'ob_ask_wall_conc_20', 'ob_ask_wall_levels_20', 'ob_bid_wall_size_20', 'ob_bid_wall_conc_20', 'ob_bid_wall_levels_20', 'ob_mid_open', 'ob_mid_high', 'ob_mid_low', 'ob_mid_close', 'ob_quote_count'], 'non_null_obi': 1.0, 'non_null_obi_20': 1.0}"
2025-11-19,/Users/xuchuanxi/lianghua/raw_data/data/trades/ETH-USDT-trades-2025-11-19.csv,9469,/Users/xuchuanxi/lianghua/raw_data/data/orderbook/ETH-USDT-L2orderbook-400lv-2025-11-19.data,/Users/xuchuanxi/lianghua/raw_data/data/orderbook/ETH-USDT-L2orderbook-400lv-2025-11-18.data,1.0,,"{'file': '/Users/xuchuanxi/lianghua/raw_data/data/orderbook/ETH-USDT-L2orderbook-400lv-2025-11-19.data', 'top_n': 20, 'sample_ms': 1000, 'lines_total': 6322068, 'lines_json_ok': 6322068, 'lines_used': 6322068, 'samples': 86142, 'error': None, 'resampled_rows': 1440, 'columns': ['obi', 'obi_1', 'obi_5', 'obi_20', 'ob_spread', 'spread', 'ob_spread_bps', 'ob_microprice', 'ob_depth_bid_1', 'ob_depth_ask_1', 'ob_depth_bid_5', 'ob_depth_ask_5', 'ob_depth_bid_20', 'ob_depth_ask_20', 'ob_ask_wall_size_20', 'ob_ask_wall_conc_20', 'ob_ask_wall_levels_20', 'ob_bid_wall_size_20', 'ob_bid_wall_conc_20', 'ob_bid_wall_levels_20', 'ob_mid_open', 'ob_mid_high', 'ob_mid_low', 'ob_mid_close', 'ob_quote_count'], 'non_null_obi': 1.0, 'non_null_obi_20': 1.0}"
2025-11-23,/Users/xuchuanxi/lianghua/raw_data/data/trades/ETH-USDT-trades-2025-11-23.csv,8510,/Users/xuchuanxi/lianghua/raw_data/data/orderbook/ETH-USDT-L2orderbook-400lv-2025-11-23.data,/Users/xuchuanxi/lianghua/raw_data/data/orderbook/ETH-USDT-L2orderbook-400lv-2025-11-22.data,1.0,,"{'file': '/Users/xuchuanxi/lianghua/raw_data/data/orderbook/ETH-USDT-L2orderbook-400lv-2025-11-23.data', 'top_n': 20, 'sample_ms': 1000, 'lines_total': 5342282, 'lines_json_ok': 5342282, 'lines_used': 5342282, 'samples': 86074, 'error': None, 'resampled_rows': 1440, 'columns': ['obi', 'obi_1', 'obi_5', 'obi_20', 'ob_spread', 'spread', 'ob_spread_bps', 'ob_microprice', 'ob_depth_bid_1', 'ob_depth_ask_1', 'ob_depth_bid_5', 'ob_depth_ask_5', 'ob_depth_bid_20', 'ob_depth_ask_20', 'ob_ask_wall_size_20', 'ob_ask_wall_conc_20', 'ob_ask_wall_levels_20', 'ob_bid_wall_size_20', 'ob_bid_wall_conc_20', 'ob_bid_wall_levels_20', 'ob_mid_open', 'ob_mid_high', 'ob_mid_low', 'ob_mid_close', 'ob_quote_count'], 'non_null_obi': 1.0, 'non_null_obi_20': 1.0}"
2025-11-20,/Users/xuchuanxi/lianghua/raw_data/data/trades/ETH-USDT-trades-2025-11-20.csv,10556,/Users/xuchuanxi/lianghua/raw_data/data/orderbook/ETH-USDT-L2orderbook-400lv-2025-11-20.data,/Users/xuchuanxi/lianghua/raw_data/data/orderbook/ETH-USDT-L2orderbook-400lv-2025-11-19.data,1.0,,"{'file': '/Users/xuchuanxi/lianghua/raw_data/data/orderbook/ETH-USDT-L2orderbook-400lv-2025-11-20.data', 'top_n': 20, 'sample_ms': 1000, 'lines_total': 6201878, 'lines_json_ok': 6201878, 'lines_used': 6201878, 'samples': 86148, 'error': None, 'resampled_rows': 1440, 'columns': ['obi', 'obi_1', 'obi_5', 'obi_20', 'ob_spread', 'spread', 'ob_spread_bps', 'ob_microprice', 'ob_depth_bid_1', 'ob_depth_ask_1', 'ob_depth_bid_5', 'ob_depth_ask_5', 'ob_depth_bid_20', 'ob_depth_ask_20', 'ob_ask_wall_size_20', 'ob_ask_wall_conc_20', 'ob_ask_wall_levels_20', 'ob_bid_wall_size_20', 'ob_bid_wall_conc_20', 'ob_bid_wall_levels_20', 'ob_mid_open', 'ob_mid_high', 'ob_mid_low', 'ob_mid_close', 'ob_quote_count'], 'non_null_obi': 1.0, 'non_null_obi_20': 1.0}"
2025-11-24,/Users/xuchuanxi/lianghua/raw_data/data/trades/ETH-USDT-trades-2025-11-24.csv,12095,/Users/xuchuanxi/lianghua/raw_data/data/orderbook/ETH-USDT-L2orderbook-400lv-2025-11-24.data,/Users/xuchuanxi/lianghua/raw_data/data/orderbook/ETH-USDT-L2orderbook-400lv-2025-11-23.data,1.0,,"{'file': '/Users/xuchuanxi/lianghua/raw_data/data/orderbook/ETH-USDT-L2orderbook-400lv-2025-11-24.data', 'top_n': 20, 'sample_ms': 1000, 'lines_total': 6220033, 'lines_json_ok': 6220033, 'lines_used': 6220033, 'samples': 86143, 'error': None, 'resampled_rows': 1440, 'columns': ['obi', 'obi_1', 'obi_5', 'obi_20', 'ob_spread', 'spread', 'ob_spread_bps', 'ob_microprice', 'ob_depth_bid_1', 'ob_depth_ask_1', 'ob_depth_bid_5', 'ob_depth_ask_5', 'ob_depth_bid_20', 'ob_depth_ask_20', 'ob_ask_wall_size_20', 'ob_ask_wall_conc_20', 'ob_ask_wall_levels_20', 'ob_bid_wall_size_20', 'ob_bid_wall_conc_20', 'ob_bid_wall_levels_20', 'ob_mid_open', 'ob_mid_high', 'ob_mid_low', 'ob_mid_close', 'ob_quote_count'], 'non_null_obi': 1.0, 'non_null_obi_20': 1.0}"
2025-11-27,/Users/xuchuanxi/lianghua/raw_data/data/trades/ETH-USDT-trades-2025-11-27.csv,7275,/Users/xuchuanxi/lianghua/raw_data/data/orderbook/ETH-USDT-L2orderbook-400lv-2025-11-27.data,/Users/xuchuanxi/lianghua/raw_data/data/orderbook/ETH-USDT-L2orderbook-400lv-2025-11-26.data,1.0,,"{'file': '/Users/xuchuanxi/lianghua/raw_data/data/orderbook/ETH-USDT-L2orderbook-400lv-2025-11-27.data', 'top_n': 20, 'sample_ms': 1000, 'lines_total': 4879733, 'lines_json_ok': 4879733, 'lines_used': 4879733, 'samples': 86070, 'error': None, 'resampled_rows': 1440, 'columns': ['obi', 'obi_1', 'obi_5', 'obi_20', 'ob_spread', 'spread', 'ob_spread_bps', 'ob_microprice', 'ob_depth_bid_1', 'ob_depth_ask_1', 'ob_depth_bid_5', 'ob_depth_ask_5', 'ob_depth_bid_20', 'ob_depth_ask_20', 'ob_ask_wall_size_20', 'ob_ask_wall_conc_20', 'ob_ask_wall_levels_20', 'ob_bid_wall_size_20', 'ob_bid_wall_conc_20', 'ob_bid_wall_levels_20', 'ob_mid_open', 'ob_mid_high', 'ob_mid_low', 'ob_mid_close', 'ob_quote_count'], 'non_null_obi': 1.0, 'non_null_obi_20': 1.0}"
2025-11-25,/Users/xuchuanxi/lianghua/raw_data/data/trades/ETH-USDT-trades-2025-11-25.csv,9590,/Users/xuchuanxi/lianghua/raw_data/data/orderbook/ETH-USDT-L2orderbook-400lv-2025-11-25.data,/Users/xuchuanxi/lianghua/raw_data/data/orderbook/ETH-USDT-L2orderbook-400lv-2025-11-24.data,1.0,,"{'file': '/Users/xuchuanxi/lianghua/raw_data/data/orderbook/ETH-USDT-L2orderbook-400lv-2025-11-25.data', 'top_n': 20, 'sample_ms': 1000, 'lines_total': 6038603, 'lines_json_ok': 6038603, 'lines_used': 6038603, 'samples': 86134, 'error': None, 'resampled_rows': 1440, 'columns': ['obi', 'obi_1', 'obi_5', 'obi_20', 'ob_spread', 'spread', 'ob_spread_bps', 'ob_microprice', 'ob_depth_bid_1', 'ob_depth_ask_1', 'ob_depth_bid_5', 'ob_depth_ask_5', 'ob_depth_bid_20', 'ob_depth_ask_20', 'ob_ask_wall_size_20', 'ob_ask_wall_conc_20', 'ob_ask_wall_levels_20', 'ob_bid_wall_size_20', 'ob_bid_wall_conc_20', 'ob_bid_wall_levels_20', 'ob_mid_open', 'ob_mid_high', 'ob_mid_low', 'ob_mid_close', 'ob_quote_count'], 'non_null_obi': 1.0, 'non_null_obi_20': 1.0}"
2025-11-28,/Users/xuchuanxi/lianghua/raw_data/data/trades/ETH-USDT-trades-2025-11-28.csv,6345,/Users/xuchuanxi/lianghua/raw_data/data/orderbook/ETH-USDT-L2orderbook-400lv-2025-11-28.data,/Users/xuchuanxi/lianghua/raw_data/data/orderbook/ETH-USDT-L2orderbook-400lv-2025-11-27.data,1.0,,"{'file': '/Users/xuchuanxi/lianghua/raw_data/data/orderbook/ETH-USDT-L2orderbook-400lv-2025-11-28.data', 'top_n': 20, 'sample_ms': 1000, 'lines_total': 5197606, 'lines_json_ok': 5197606, 'lines_used': 5197606, 'samples': 85920, 'error': None, 'resampled_rows': 1440, 'columns': ['obi', 'obi_1', 'obi_5', 'obi_20', 'ob_spread', 'spread', 'ob_spread_bps', 'ob_microprice', 'ob_depth_bid_1', 'ob_depth_ask_1', 'ob_depth_bid_5', 'ob_depth_ask_5', 'ob_depth_bid_20', 'ob_depth_ask_20', 'ob_ask_wall_size_20', 'ob_ask_wall_conc_20', 'ob_ask_wall_levels_20', 'ob_bid_wall_size_20', 'ob_bid_wall_conc_20', 'ob_bid_wall_levels_20', 'ob_mid_open', 'ob_mid_high', 'ob_mid_low', 'ob_mid_close', 'ob_quote_count'], 'non_null_obi': 1.0, 'non_null_obi_20': 1.0}"
2025-11-26,/Users/xuchuanxi/lianghua/raw_data/data/trades/ETH-USDT-trades-2025-11-26.csv,8738,/Users/xuchuanxi/lianghua/raw_data/data/orderbook/ETH-USDT-L2orderbook-400lv-2025-11-26.data,/Users/xuchuanxi/lianghua/raw_data/data/orderbook/ETH-USDT-L2orderbook-400lv-2025-11-25.data,1.0,,"{'file': '/Users/xuchuanxi/lianghua/raw_data/data/orderbook/ETH-USDT-L2orderbook-400lv-2025-11-26.data', 'top_n': 20, 'sample_ms': 1000, 'lines_total': 5459294, 'lines_json_ok': 5459294, 'lines_used': 5459294, 'samples': 86105, 'error': None, 'resampled_rows': 1440, 'columns': ['obi', 'obi_1', 'obi_5', 'obi_20', 'ob_spread', 'spread', 'ob_spread_bps', 'ob_microprice', 'ob_depth_bid_1', 'ob_depth_ask_1', 'ob_depth_bid_5', 'ob_depth_ask_5', 'ob_depth_bid_20', 'ob_depth_ask_20', 'ob_ask_wall_size_20', 'ob_ask_wall_conc_20', 'ob_ask_wall_levels_20', 'ob_bid_wall_size_20', 'ob_bid_wall_conc_20', 'ob_bid_wall_levels_20', 'ob_mid_open', 'ob_mid_high', 'ob_mid_low', 'ob_mid_close', 'ob_quote_count'], 'non_null_obi': 1.0, 'non_null_obi_20': 1.0}"
2025-11-21,/Users/xuchuanxi/lianghua/raw_data/data/trades/ETH-USDT-trades-2025-11-21.csv,10524,/Users/xuchuanxi/lianghua/raw_data/data/orderbook/ETH-USDT-L2orderbook-400lv-2025-11-21.data,/Users/xuchuanxi/lianghua/raw_data/data/orderbook/ETH-USDT-L2orderbook-400lv-2025-11-20.data,1.0,,"{'file': '/Users/xuchuanxi/lianghua/raw_data/data/orderbook/ETH-USDT-L2orderbook-400lv-2025-11-21.data', 'top_n': 20, 'sample_ms': 1000, 'lines_total': 7234623, 'lines_json_ok': 7234623, 'lines_used': 7234623, 'samples': 86211, 'error': None, 'resampled_rows': 1440, 'columns': ['obi', 'obi_1', 'obi_5', 'obi_20', 'ob_spread', 'spread', 'ob_spread_bps', 'ob_microprice', 'ob_depth_bid_1', 'ob_depth_ask_1', 'ob_depth_bid_5', 'ob_depth_ask_5', 'ob_depth_bid_20', 'ob_depth_ask_20', 'ob_ask_wall_size_20', 'ob_ask_wall_conc_20', 'ob_ask_wall_levels_20', 'ob_bid_wall_size_20', 'ob_bid_wall_conc_20', 'ob_bid_wall_levels_20', 'ob_mid_open', 'ob_mid_high', 'ob_mid_low', 'ob_mid_close', 'ob_quote_count'], 'non_null_obi': 1.0, 'non_null_obi_20': 1.0}"
2025-11-30,/Users/xuchuanxi/lianghua/raw_data/data/trades/ETH-USDT-trades-2025-11-30.csv,6188,/Users/xuchuanxi/lianghua/raw_data/data/orderbook/ETH-USDT-L2orderbook-400lv-2025-11-30.data,/Users/xuchuanxi/lianghua/raw_data/data/orderbook/ETH-USDT-L2orderbook-400lv-2025-11-29.data,1.0,,"{'file': '/Users/xuchuanxi/lianghua/raw_data/data/orderbook/ETH-USDT-L2orderbook-400lv-2025-11-30.data', 'top_n': 20, 'sample_ms': 1000, 'lines_total': 4146549, 'lines_json_ok': 4146549, 'lines_used': 4146549, 'samples': 85411, 'error': None, 'resampled_rows': 1440, 'columns': ['obi', 'obi_1', 'obi_5', 'obi_20', 'ob_spread', 'spread', 'ob_spread_bps', 'ob_microprice', 'ob_depth_bid_1', 'ob_depth_ask_1', 'ob_depth_bid_5', 'ob_depth_ask_5', 'ob_depth_bid_20', 'ob_depth_ask_20', 'ob_ask_wall_size_20', 'ob_ask_wall_conc_20', 'ob_ask_wall_levels_20', 'ob_bid_wall_size_20', 'ob_bid_wall_conc_20', 'ob_bid_wall_levels_20', 'ob_mid_open', 'ob_mid_high', 'ob_mid_low', 'ob_mid_close', 'ob_quote_count'], 'non_null_obi': 1.0, 'non_null_obi_20': 1.0}"
2025-11-22,/Users/xuchuanxi/lianghua/raw_data/data/trades/ETH-USDT-trades-2025-11-22.csv,13718,/Users/xuchuanxi/lianghua/raw_data/data/orderbook/ETH-USDT-L2orderbook-400lv-2025-11-22.data,/Users/xuchuanxi/lianghua/raw_data/data/orderbook/ETH-USDT-L2orderbook-400lv-2025-11-21.data,1.0,,"{'file': '/Users/xuchuanxi/lianghua/raw_data/data/orderbook/ETH-USDT-L2orderbook-400lv-2025-11-22.data', 'top_n': 20, 'sample_ms': 1000, 'lines_total': 5277028, 'lines_json_ok': 5277028, 'lines_used': 5277028, 'samples': 86051, 'error': None, 'resampled_rows': 1440, 'columns': ['obi', 'obi_1', 'obi_5', 'obi_20', 'ob_spread', 'spread', 'ob_spread_bps', 'ob_microprice', 'ob_depth_bid_1', 'ob_depth_ask_1', 'ob_depth_bid_5', 'ob_depth_ask_5', 'ob_depth_bid_20', 'ob_depth_ask_20', 'ob_ask_wall_size_20', 'ob_ask_wall_conc_20', 'ob_ask_wall_levels_20', 'ob_bid_wall_size_20', 'ob_bid_wall_conc_20', 'ob_bid_wall_levels_20', 'ob_mid_open', 'ob_mid_high', 'ob_mid_low', 'ob_mid_close', 'ob_quote_count'], 'non_null_obi': 1.0, 'non_null_obi_20': 1.0}"
2025-11-29,/Users/xuchuanxi/lianghua/raw_data/data/trades/ETH-USDT-trades-2025-11-29.csv,7511,/Users/xuchuanxi/lianghua/raw_data/data/orderbook/ETH-USDT-L2orderbook-400lv-2025-11-29.data,/Users/xuchuanxi/lianghua/raw_data/data/orderbook/ETH-USDT-L2orderbook-400lv-2025-11-28.data,1.0,,"{'file': '/Users/xuchuanxi/lianghua/raw_data/data/orderbook/ETH-USDT-L2orderbook-400lv-2025-11-29.data', 'top_n': 20, 'sample_ms': 1000, 'lines_total': 4449137, 'lines_json_ok': 4449137, 'lines_used': 4449137, 'samples': 85739, 'error': None, 'resampled_rows': 1440, 'columns': ['obi', 'obi_1', 'obi_5', 'obi_20', 'ob_spread', 'spread', 'ob_spread_bps', 'ob_microprice', 'ob_depth_bid_1', 'ob_depth_ask_1', 'ob_depth_bid_5', 'ob_depth_ask_5', 'ob_depth_bid_20', 'ob_depth_ask_20', 'ob_ask_wall_size_20', 'ob_ask_wall_conc_20', 'ob_ask_wall_levels_20', 'ob_bid_wall_size_20', 'ob_bid_wall_conc_20', 'ob_bid_wall_levels_20', 'ob_mid_open', 'ob_mid_high', 'ob_mid_low', 'ob_mid_close', 'ob_quote_count'], 'non_null_obi': 1.0, 'non_null_obi_20': 1.0}"
2025-12-01,/Users/xuchuanxi/lianghua/raw_data/data/trades/ETH-USDT-trades-2025-12-01.csv,8979,/Users/xuchuanxi/lianghua/raw_data/data/orderbook/ETH-USDT-L2orderbook-400lv-2025-12-01.data,/Users/xuchuanxi/lianghua/raw_data/data/orderbook/ETH-USDT-L2orderbook-400lv-2025-11-30.data,1.0,,"{'file': '/Users/xuchuanxi/lianghua/raw_data/data/orderbook/ETH-USDT-L2orderbook-400lv-2025-12-01.data', 'top_n': 20, 'sample_ms': 1000, 'lines_total': 6068635, 'lines_json_ok': 6068635, 'lines_used': 6068635, 'samples': 85930, 'error': None, 'resampled_rows': 1440, 'columns': ['obi', 'obi_1', 'obi_5', 'obi_20', 'ob_spread', 'spread', 'ob_spread_bps', 'ob_microprice', 'ob_depth_bid_1', 'ob_depth_ask_1', 'ob_depth_bid_5', 'ob_depth_ask_5', 'ob_depth_bid_20', 'ob_depth_ask_20', 'ob_ask_wall_size_20', 'ob_ask_wall_conc_20', 'ob_ask_wall_levels_20', 'ob_bid_wall_size_20', 'ob_bid_wall_conc_20', 'ob_bid_wall_levels_20', 'ob_mid_open', 'ob_mid_high', 'ob_mid_low', 'ob_mid_close', 'ob_quote_count'], 'non_null_obi': 1.0, 'non_null_obi_20': 1.0}"
2025-12-02,/Users/xuchuanxi/lianghua/raw_data/data/trades/ETH-USDT-trades-2025-12-02.csv,9502,/Users/xuchuanxi/lianghua/raw_data/data/orderbook/ETH-USDT-L2orderbook-400lv-2025-12-02.data,/Users/xuchuanxi/lianghua/raw_data/data/orderbook/ETH-USDT-L2orderbook-400lv-2025-12-01.data,1.0,,"{'file': '/Users/xuchuanxi/lianghua/raw_data/data/orderbook/ETH-USDT-L2orderbook-400lv-2025-12-02.data', 'top_n': 20, 'sample_ms': 1000, 'lines_total': 5409711, 'lines_json_ok': 5409711, 'lines_used': 5409711, 'samples': 85839, 'error': None, 'resampled_rows': 1440, 'columns': ['obi', 'obi_1', 'obi_5', 'obi_20', 'ob_spread', 'spread', 'ob_spread_bps', 'ob_microprice', 'ob_depth_bid_1', 'ob_depth_ask_1', 'ob_depth_bid_5', 'ob_depth_ask_5', 'ob_depth_bid_20', 'ob_depth_ask_20', 'ob_ask_wall_size_20', 'ob_ask_wall_conc_20', 'ob_ask_wall_levels_20', 'ob_bid_wall_size_20', 'ob_bid_wall_conc_20', 'ob_bid_wall_levels_20', 'ob_mid_open', 'ob_mid_high', 'ob_mid_low', 'ob_mid_close', 'ob_quote_count'], 'non_null_obi': 1.0, 'non_null_obi_20': 1.0}"
2025-12-03,/Users/xuchuanxi/lianghua/raw_data/data/trades/ETH-USDT-trades-2025-12-03.csv,9292,/Users/xuchuanxi/lianghua/raw_data/data/orderbook/ETH-USDT-L2orderbook-400lv-2025-12-03.data,/Users/xuchuanxi/lianghua/raw_data/data/orderbook/ETH-USDT-L2orderbook-400lv-2025-12-02.data,1.0,,"{'file': '/Users/xuchuanxi/lianghua/raw_data/data/orderbook/ETH-USDT-L2orderbook-400lv-2025-12-03.data', 'top_n': 20, 'sample_ms': 1000, 'lines_total': 5631637, 'lines_json_ok': 5631637, 'lines_used': 5631637, 'samples': 86095, 'error': None, 'resampled_rows': 1440, 'columns': ['obi', 'obi_1', 'obi_5', 'obi_20', 'ob_spread', 'spread', 'ob_spread_bps', 'ob_microprice', 'ob_depth_bid_1', 'ob_depth_ask_1', 'ob_depth_bid_5', 'ob_depth_ask_5', 'ob_depth_bid_20', 'ob_depth_ask_20', 'ob_ask_wall_size_20', 'ob_ask_wall_conc_20', 'ob_ask_wall_levels_20', 'ob_bid_wall_size_20', 'ob_bid_wall_conc_20', 'ob_bid_wall_levels_20', 'ob_mid_open', 'ob_mid_high', 'ob_mid_low', 'ob_mid_close', 'ob_quote_count'], 'non_null_obi': 1.0, 'non_null_obi_20': 1.0}"
2025-12-07,/Users/xuchuanxi/lianghua/raw_data/data/trades/ETH-USDT-trades-2025-12-07.csv,6803,/Users/xuchuanxi/lianghua/raw_data/data/orderbook/ETH-USDT-L2orderbook-400lv-2025-12-07.data,/Users/xuchuanxi/lianghua/raw_data/data/orderbook/ETH-USDT-L2orderbook-400lv-2025-12-06.data,1.0,,"{'file': '/Users/xuchuanxi/lianghua/raw_data/data/orderbook/ETH-USDT-L2orderbook-400lv-2025-12-07.data', 'top_n': 20, 'sample_ms': 1000, 'lines_total': 4251458, 'lines_json_ok': 4251458, 'lines_used': 4251458, 'samples': 85429, 'error': None, 'resampled_rows': 1440, 'columns': ['obi', 'obi_1', 'obi_5', 'obi_20', 'ob_spread', 'spread', 'ob_spread_bps', 'ob_microprice', 'ob_depth_bid_1', 'ob_depth_ask_1', 'ob_depth_bid_5', 'ob_depth_ask_5', 'ob_depth_bid_20', 'ob_depth_ask_20', 'ob_ask_wall_size_20', 'ob_ask_wall_conc_20', 'ob_ask_wall_levels_20', 'ob_bid_wall_size_20', 'ob_bid_wall_conc_20', 'ob_bid_wall_levels_20', 'ob_mid_open', 'ob_mid_high', 'ob_mid_low', 'ob_mid_close', 'ob_quote_count'], 'non_null_obi': 1.0, 'non_null_obi_20': 1.0}"
2025-12-06,/Users/xuchuanxi/lianghua/raw_data/data/trades/ETH-USDT-trades-2025-12-06.csv,6930,/Users/xuchuanxi/lianghua/raw_data/data/orderbook/ETH-USDT-L2orderbook-400lv-2025-12-06.data,/Users/xuchuanxi/lianghua/raw_data/data/orderbook/ETH-USDT-L2orderbook-400lv-2025-12-05.data,1.0,,"{'file': '/Users/xuchuanxi/lianghua/raw_data/data/orderbook/ETH-USDT-L2orderbook-400lv-2025-12-06.data', 'top_n': 20, 'sample_ms': 1000, 'lines_total': 3877303, 'lines_json_ok': 3877303, 'lines_used': 3877303, 'samples': 85148, 'error': None, 'resampled_rows': 1440, 'columns': ['obi', 'obi_1', 'obi_5', 'obi_20', 'ob_spread', 'spread', 'ob_spread_bps', 'ob_microprice', 'ob_depth_bid_1', 'ob_depth_ask_1', 'ob_depth_bid_5', 'ob_depth_ask_5', 'ob_depth_bid_20', 'ob_depth_ask_20', 'ob_ask_wall_size_20', 'ob_ask_wall_conc_20', 'ob_ask_wall_levels_20', 'ob_bid_wall_size_20', 'ob_bid_wall_conc_20', 'ob_bid_wall_levels_20', 'ob_mid_open', 'ob_mid_high', 'ob_mid_low', 'ob_mid_close', 'ob_quote_count'], 'non_null_obi': 1.0, 'non_null_obi_20': 1.0}"
2025-12-04,/Users/xuchuanxi/lianghua/raw_data/data/trades/ETH-USDT-trades-2025-12-04.csv,8588,/Users/xuchuanxi/lianghua/raw_data/data/orderbook/ETH-USDT-L2orderbook-400lv-2025-12-04.data,/Users/xuchuanxi/lianghua/raw_data/data/orderbook/ETH-USDT-L2orderbook-400lv-2025-12-03.data,1.0,,"{'file': '/Users/xuchuanxi/lianghua/raw_data/data/orderbook/ETH-USDT-L2orderbook-400lv-2025-12-04.data', 'top_n': 20, 'sample_ms': 1000, 'lines_total': 5441081, 'lines_json_ok': 5441081, 'lines_used': 5441081, 'samples': 85886, 'error': None, 'resampled_rows': 1440, 'columns': ['obi', 'obi_1', 'obi_5', 'obi_20', 'ob_spread', 'spread', 'ob_spread_bps', 'ob_microprice', 'ob_depth_bid_1', 'ob_depth_ask_1', 'ob_depth_bid_5', 'ob_depth_ask_5', 'ob_depth_bid_20', 'ob_depth_ask_20', 'ob_ask_wall_size_20', 'ob_ask_wall_conc_20', 'ob_ask_wall_levels_20', 'ob_bid_wall_size_20', 'ob_bid_wall_conc_20', 'ob_bid_wall_levels_20', 'ob_mid_open', 'ob_mid_high', 'ob_mid_low', 'ob_mid_close', 'ob_quote_count'], 'non_null_obi': 1.0, 'non_null_obi_20': 1.0}"
2025-12-05,/Users/xuchuanxi/lianghua/raw_data/data/trades/ETH-USDT-trades-2025-12-05.csv,6828,/Users/xuchuanxi/lianghua/raw_data/data/orderbook/ETH-USDT-L2orderbook-400lv-2025-12-05.data,/Users/xuchuanxi/lianghua/raw_data/data/orderbook/ETH-USDT-L2orderbook-400lv-2025-12-04.data,1.0,,"{'file': '/Users/xuchuanxi/lianghua/raw_data/data/orderbook/ETH-USDT-L2orderbook-400lv-2025-12-05.data', 'top_n': 20, 'sample_ms': 1000, 'lines_total': 5289584, 'lines_json_ok': 5289584, 'lines_used': 5289584, 'samples': 85708, 'error': None, 'resampled_rows': 1440, 'columns': ['obi', 'obi_1', 'obi_5', 'obi_20', 'ob_spread', 'spread', 'ob_spread_bps', 'ob_microprice', 'ob_depth_bid_1', 'ob_depth_ask_1', 'ob_depth_bid_5', 'ob_depth_ask_5', 'ob_depth_bid_20', 'ob_depth_ask_20', 'ob_ask_wall_size_20', 'ob_ask_wall_conc_20', 'ob_ask_wall_levels_20', 'ob_bid_wall_size_20', 'ob_bid_wall_conc_20', 'ob_bid_wall_levels_20', 'ob_mid_open', 'ob_mid_high', 'ob_mid_low', 'ob_mid_close', 'ob_quote_count'], 'non_null_obi': 1.0, 'non_null_obi_20': 1.0}"
2025-12-08,/Users/xuchuanxi/lianghua/raw_data/data/trades/ETH-USDT-trades-2025-12-08.csv,7606,/Users/xuchuanxi/lianghua/raw_data/data/orderbook/ETH-USDT-L2orderbook-400lv-2025-12-08.data,/Users/xuchuanxi/lianghua/raw_data/data/orderbook/ETH-USDT-L2orderbook-400lv-2025-12-07.data,1.0,,"{'file': '/Users/xuchuanxi/lianghua/raw_data/data/orderbook/ETH-USDT-L2orderbook-400lv-2025-12-08.data', 'top_n': 20, 'sample_ms': 1000, 'lines_total': 5080964, 'lines_json_ok': 5080964, 'lines_used': 5080964, 'samples': 85008, 'error': None, 'resampled_rows': 1440, 'columns': ['obi', 'obi_1', 'obi_5', 'obi_20', 'ob_spread', 'spread', 'ob_spread_bps', 'ob_microprice', 'ob_depth_bid_1', 'ob_depth_ask_1', 'ob_depth_bid_5', 'ob_depth_ask_5', 'ob_depth_bid_20', 'ob_depth_ask_20', 'ob_ask_wall_size_20', 'ob_ask_wall_conc_20', 'ob_ask_wall_levels_20', 'ob_bid_wall_size_20', 'ob_bid_wall_conc_20', 'ob_bid_wall_levels_20', 'ob_mid_open', 'ob_mid_high', 'ob_mid_low', 'ob_mid_close', 'ob_quote_count'], 'non_null_obi': 1.0, 'non_null_obi_20': 1.0}"
2025-12-10,/Users/xuchuanxi/lianghua/raw_data/data/trades/ETH-USDT-trades-2025-12-10.csv,8827,/Users/xuchuanxi/lianghua/raw_data/data/orderbook/ETH-USDT-L2orderbook-400lv-2025-12-10.data,/Users/xuchuanxi/lianghua/raw_data/data/orderbook/ETH-USDT-L2orderbook-400lv-2025-12-09.data,1.0,,"{'file': '/Users/xuchuanxi/lianghua/raw_data/data/orderbook/ETH-USDT-L2orderbook-400lv-2025-12-10.data', 'top_n': 20, 'sample_ms': 1000, 'lines_total': 4939505, 'lines_json_ok': 4939505, 'lines_used': 4939505, 'samples': 84800, 'error': None, 'resampled_rows': 1440, 'columns': ['obi', 'obi_1', 'obi_5', 'obi_20', 'ob_spread', 'spread', 'ob_spread_bps', 'ob_microprice', 'ob_depth_bid_1', 'ob_depth_ask_1', 'ob_depth_bid_5', 'ob_depth_ask_5', 'ob_depth_bid_20', 'ob_depth_ask_20', 'ob_ask_wall_size_20', 'ob_ask_wall_conc_20', 'ob_ask_wall_levels_20', 'ob_bid_wall_size_20', 'ob_bid_wall_conc_20', 'ob_bid_wall_levels_20', 'ob_mid_open', 'ob_mid_high', 'ob_mid_low', 'ob_mid_close', 'ob_quote_count'], 'non_null_obi': 1.0, 'non_null_obi_20': 1.0}"
2025-12-09,/Users/xuchuanxi/lianghua/raw_data/data/trades/ETH-USDT-trades-2025-12-09.csv,7367,/Users/xuchuanxi/lianghua/raw_data/data/orderbook/ETH-USDT-L2orderbook-400lv-2025-12-09.data,/Users/xuchuanxi/lianghua/raw_data/data/orderbook/ETH-USDT-L2orderbook-400lv-2025-12-08.data,1.0,,"{'file': '/Users/xuchuanxi/lianghua/raw_data/data/orderbook/ETH-USDT-L2orderbook-400lv-2025-12-09.data', 'top_n': 20, 'sample_ms': 1000, 'lines_total': 4970331, 'lines_json_ok': 4970331, 'lines_used': 4970331, 'samples': 84890, 'error': None, 'resampled_rows': 1440, 'columns': ['obi', 'obi_1', 'obi_5', 'obi_20', 'ob_spread', 'spread', 'ob_spread_bps', 'ob_microprice', 'ob_depth_bid_1', 'ob_depth_ask_1', 'ob_depth_bid_5', 'ob_depth_ask_5', 'ob_depth_bid_20', 'ob_depth_ask_20', 'ob_ask_wall_size_20', 'ob_ask_wall_conc_20', 'ob_ask_wall_levels_20', 'ob_bid_wall_size_20', 'ob_bid_wall_conc_20', 'ob_bid_wall_levels_20', 'ob_mid_open', 'ob_mid_high', 'ob_mid_low', 'ob_mid_close', 'ob_quote_count'], 'non_null_obi': 1.0, 'non_null_obi_20': 1.0}"
2025-12-11,/Users/xuchuanxi/lianghua/raw_data/data/trades/ETH-USDT-trades-2025-12-11.csv,10864,/Users/xuchuanxi/lianghua/raw_data/data/orderbook/ETH-USDT-L2orderbook-400lv-2025-12-11.data,/Users/xuchuanxi/lianghua/raw_data/data/orderbook/ETH-USDT-L2orderbook-400lv-2025-12-10.data,1.0,,"{'file': '/Users/xuchuanxi/lianghua/raw_data/data/orderbook/ETH-USDT-L2orderbook-400lv-2025-12-11.data', 'top_n': 20, 'sample_ms': 1000, 'lines_total': 5207120, 'lines_json_ok': 5207120, 'lines_used': 5207120, 'samples': 85212, 'error': None, 'resampled_rows': 1440, 'columns': ['obi', 'obi_1', 'obi_5', 'obi_20', 'ob_spread', 'spread', 'ob_spread_bps', 'ob_microprice', 'ob_depth_bid_1', 'ob_depth_ask_1', 'ob_depth_bid_5', 'ob_depth_ask_5', 'ob_depth_bid_20', 'ob_depth_ask_20', 'ob_ask_wall_size_20', 'ob_ask_wall_conc_20', 'ob_ask_wall_levels_20', 'ob_bid_wall_size_20', 'ob_bid_wall_conc_20', 'ob_bid_wall_levels_20', 'ob_mid_open', 'ob_mid_high', 'ob_mid_low', 'ob_mid_close', 'ob_quote_count'], 'non_null_obi': 1.0, 'non_null_obi_20': 1.0}"
2025-12-13,/Users/xuchuanxi/lianghua/raw_data/data/trades/ETH-USDT-trades-2025-12-13.csv,8575,/Users/xuchuanxi/lianghua/raw_data/data/orderbook/ETH-USDT-L2orderbook-400lv-2025-12-13.data,/Users/xuchuanxi/lianghua/raw_data/data/orderbook/ETH-USDT-L2orderbook-400lv-2025-12-12.data,1.0,,"{'file': '/Users/xuchuanxi/lianghua/raw_data/data/orderbook/ETH-USDT-L2orderbook-400lv-2025-12-13.data', 'top_n': 20, 'sample_ms': 1000, 'lines_total': 3405724, 'lines_json_ok': 3405724, 'lines_used': 3405724, 'samples': 83728, 'error': None, 'resampled_rows': 1440, 'columns': ['obi', 'obi_1', 'obi_5', 'obi_20', 'ob_spread', 'spread', 'ob_spread_bps', 'ob_microprice', 'ob_depth_bid_1', 'ob_depth_ask_1', 'ob_depth_bid_5', 'ob_depth_ask_5', 'ob_depth_bid_20', 'ob_depth_ask_20', 'ob_ask_wall_size_20', 'ob_ask_wall_conc_20', 'ob_ask_wall_levels_20', 'ob_bid_wall_size_20', 'ob_bid_wall_conc_20', 'ob_bid_wall_levels_20', 'ob_mid_open', 'ob_mid_high', 'ob_mid_low', 'ob_mid_close', 'ob_quote_count'], 'non_null_obi': 1.0, 'non_null_obi_20': 1.0}"
2025-12-12,/Users/xuchuanxi/lianghua/raw_data/data/trades/ETH-USDT-trades-2025-12-12.csv,8787,/Users/xuchuanxi/lianghua/raw_data/data/orderbook/ETH-USDT-L2orderbook-400lv-2025-12-12.data,/Users/xuchuanxi/lianghua/raw_data/data/orderbook/ETH-USDT-L2orderbook-400lv-2025-12-11.data,1.0,,"{'file': '/Users/xuchuanxi/lianghua/raw_data/data/orderbook/ETH-USDT-L2orderbook-400lv-2025-12-12.data', 'top_n': 20, 'sample_ms': 1000, 'lines_total': 4764229, 'lines_json_ok': 4764229, 'lines_used': 4764229, 'samples': 84789, 'error': None, 'resampled_rows': 1440, 'columns': ['obi', 'obi_1', 'obi_5', 'obi_20', 'ob_spread', 'spread', 'ob_spread_bps', 'ob_microprice', 'ob_depth_bid_1', 'ob_depth_ask_1', 'ob_depth_bid_5', 'ob_depth_ask_5', 'ob_depth_bid_20', 'ob_depth_ask_20', 'ob_ask_wall_size_20', 'ob_ask_wall_conc_20', 'ob_ask_wall_levels_20', 'ob_bid_wall_size_20', 'ob_bid_wall_conc_20', 'ob_bid_wall_levels_20', 'ob_mid_open', 'ob_mid_high', 'ob_mid_low', 'ob_mid_close', 'ob_quote_count'], 'non_null_obi': 1.0, 'non_null_obi_20': 1.0}"
2025-12-14,/Users/xuchuanxi/lianghua/raw_data/data/trades/ETH-USDT-trades-2025-12-14.csv,7144,/Users/xuchuanxi/lianghua/raw_data/data/orderbook/ETH-USDT-L2orderbook-400lv-2025-12-14.data,/Users/xuchuanxi/lianghua/raw_data/data/orderbook/ETH-USDT-L2orderbook-400lv-2025-12-13.data,1.0,,"{'file': '/Users/xuchuanxi/lianghua/raw_data/data/orderbook/ETH-USDT-L2orderbook-400lv-2025-12-14.data', 'top_n': 20, 'sample_ms': 1000, 'lines_total': 3938852, 'lines_json_ok': 3938852, 'lines_used': 3938852, 'samples': 84268, 'error': None, 'resampled_rows': 1440, 'columns': ['obi', 'obi_1', 'obi_5', 'obi_20', 'ob_spread', 'spread', 'ob_spread_bps', 'ob_microprice', 'ob_depth_bid_1', 'ob_depth_ask_1', 'ob_depth_bid_5', 'ob_depth_ask_5', 'ob_depth_bid_20', 'ob_depth_ask_20', 'ob_ask_wall_size_20', 'ob_ask_wall_conc_20', 'ob_ask_wall_levels_20', 'ob_bid_wall_size_20', 'ob_bid_wall_conc_20', 'ob_bid_wall_levels_20', 'ob_mid_open', 'ob_mid_high', 'ob_mid_low', 'ob_mid_close', 'ob_quote_count'], 'non_null_obi': 1.0, 'non_null_obi_20': 1.0}"
2025-12-21,/Users/xuchuanxi/lianghua/raw_data/data/trades/ETH-USDT-trades-2025-12-21.csv,9213,/Users/xuchuanxi/lianghua/raw_data/data/orderbook/ETH-USDT-L2orderbook-400lv-2025-12-21.data,/Users/xuchuanxi/lianghua/raw_data/data/orderbook/ETH-USDT-L2orderbook-400lv-2025-12-20.data,1.0,,"{'file': '/Users/xuchuanxi/lianghua/raw_data/data/orderbook/ETH-USDT-L2orderbook-400lv-2025-12-21.data', 'top_n': 20, 'sample_ms': 1000, 'lines_total': 2839670, 'lines_json_ok': 2839670, 'lines_used': 2839670, 'samples': 80984, 'error': None, 'resampled_rows': 1440, 'columns': ['obi', 'obi_1', 'obi_5', 'obi_20', 'ob_spread', 'spread', 'ob_spread_bps', 'ob_microprice', 'ob_depth_bid_1', 'ob_depth_ask_1', 'ob_depth_bid_5', 'ob_depth_ask_5', 'ob_depth_bid_20', 'ob_depth_ask_20', 'ob_ask_wall_size_20', 'ob_ask_wall_conc_20', 'ob_ask_wall_levels_20', 'ob_bid_wall_size_20', 'ob_bid_wall_conc_20', 'ob_bid_wall_levels_20', 'ob_mid_open', 'ob_mid_high', 'ob_mid_low', 'ob_mid_close', 'ob_quote_count'], 'non_null_obi': 1.0, 'non_null_obi_20': 1.0}"
2025-12-20,/Users/xuchuanxi/lianghua/raw_data/data/trades/ETH-USDT-trades-2025-12-20.csv,7918,/Users/xuchuanxi/lianghua/raw_data/data/orderbook/ETH-USDT-L2orderbook-400lv-2025-12-20.data,/Users/xuchuanxi/lianghua/raw_data/data/orderbook/ETH-USDT-L2orderbook-400lv-2025-12-19.data,1.0,,"{'file': '/Users/xuchuanxi/lianghua/raw_data/data/orderbook/ETH-USDT-L2orderbook-400lv-2025-12-20.data', 'top_n': 20, 'sample_ms': 1000, 'lines_total': 2224879, 'lines_json_ok': 2224879, 'lines_used': 2224879, 'samples': 79496, 'error': None, 'resampled_rows': 1440, 'columns': ['obi', 'obi_1', 'obi_5', 'obi_20', 'ob_spread', 'spread', 'ob_spread_bps', 'ob_microprice', 'ob_depth_bid_1', 'ob_depth_ask_1', 'ob_depth_bid_5', 'ob_depth_ask_5', 'ob_depth_bid_20', 'ob_depth_ask_20', 'ob_ask_wall_size_20', 'ob_ask_wall_conc_20', 'ob_ask_wall_levels_20', 'ob_bid_wall_size_20', 'ob_bid_wall_conc_20', 'ob_bid_wall_levels_20', 'ob_mid_open', 'ob_mid_high', 'ob_mid_low', 'ob_mid_close', 'ob_quote_count'], 'non_null_obi': 1.0, 'non_null_obi_20': 1.0}"
2025-12-15,/Users/xuchuanxi/lianghua/raw_data/data/trades/ETH-USDT-trades-2025-12-15.csv,8152,/Users/xuchuanxi/lianghua/raw_data/data/orderbook/ETH-USDT-L2orderbook-400lv-2025-12-15.data,/Users/xuchuanxi/lianghua/raw_data/data/orderbook/ETH-USDT-L2orderbook-400lv-2025-12-14.data,1.0,,"{'file': '/Users/xuchuanxi/lianghua/raw_data/data/orderbook/ETH-USDT-L2orderbook-400lv-2025-12-15.data', 'top_n': 20, 'sample_ms': 1000, 'lines_total': 5254280, 'lines_json_ok': 5254280, 'lines_used': 5254280, 'samples': 85160, 'error': None, 'resampled_rows': 1440, 'columns': ['obi', 'obi_1', 'obi_5', 'obi_20', 'ob_spread', 'spread', 'ob_spread_bps', 'ob_microprice', 'ob_depth_bid_1', 'ob_depth_ask_1', 'ob_depth_bid_5', 'ob_depth_ask_5', 'ob_depth_bid_20', 'ob_depth_ask_20', 'ob_ask_wall_size_20', 'ob_ask_wall_conc_20', 'ob_ask_wall_levels_20', 'ob_bid_wall_size_20', 'ob_bid_wall_conc_20', 'ob_bid_wall_levels_20', 'ob_mid_open', 'ob_mid_high', 'ob_mid_low', 'ob_mid_close', 'ob_quote_count'], 'non_null_obi': 1.0, 'non_null_obi_20': 1.0}"
2025-12-16,/Users/xuchuanxi/lianghua/raw_data/data/trades/ETH-USDT-trades-2025-12-16.csv,8773,/Users/xuchuanxi/lianghua/raw_data/data/orderbook/ETH-USDT-L2orderbook-400lv-2025-12-16.data,/Users/xuchuanxi/lianghua/raw_data/data/orderbook/ETH-USDT-L2orderbook-400lv-2025-12-15.data,1.0,,"{'file': '/Users/xuchuanxi/lianghua/raw_data/data/orderbook/ETH-USDT-L2orderbook-400lv-2025-12-16.data', 'top_n': 20, 'sample_ms': 1000, 'lines_total': 5236627, 'lines_json_ok': 5236627, 'lines_used': 5236627, 'samples': 85119, 'error': None, 'resampled_rows': 1440, 'columns': ['obi', 'obi_1', 'obi_5', 'obi_20', 'ob_spread', 'spread', 'ob_spread_bps', 'ob_microprice', 'ob_depth_bid_1', 'ob_depth_ask_1', 'ob_depth_bid_5', 'ob_depth_ask_5', 'ob_depth_bid_20', 'ob_depth_ask_20', 'ob_ask_wall_size_20', 'ob_ask_wall_conc_20', 'ob_ask_wall_levels_20', 'ob_bid_wall_size_20', 'ob_bid_wall_conc_20', 'ob_bid_wall_levels_20', 'ob_mid_open', 'ob_mid_high', 'ob_mid_low', 'ob_mid_close', 'ob_quote_count'], 'non_null_obi': 1.0, 'non_null_obi_20': 1.0}"
2025-12-25,/Users/xuchuanxi/lianghua/raw_data/data/trades/ETH-USDT-trades-2025-12-25.csv,9107,/Users/xuchuanxi/lianghua/raw_data/data/orderbook/ETH-USDT-L2orderbook-400lv-2025-12-25.data,/Users/xuchuanxi/lianghua/raw_data/data/orderbook/ETH-USDT-L2orderbook-400lv-2025-12-24.data,1.0,,"{'file': '/Users/xuchuanxi/lianghua/raw_data/data/orderbook/ETH-USDT-L2orderbook-400lv-2025-12-25.data', 'top_n': 20, 'sample_ms': 1000, 'lines_total': 2704567, 'lines_json_ok': 2704567, 'lines_used': 2704567, 'samples': 80551, 'error': None, 'resampled_rows': 1440, 'columns': ['obi', 'obi_1', 'obi_5', 'obi_20', 'ob_spread', 'spread', 'ob_spread_bps', 'ob_microprice', 'ob_depth_bid_1', 'ob_depth_ask_1', 'ob_depth_bid_5', 'ob_depth_ask_5', 'ob_depth_bid_20', 'ob_depth_ask_20', 'ob_ask_wall_size_20', 'ob_ask_wall_conc_20', 'ob_ask_wall_levels_20', 'ob_bid_wall_size_20', 'ob_bid_wall_conc_20', 'ob_bid_wall_levels_20', 'ob_mid_open', 'ob_mid_high', 'ob_mid_low', 'ob_mid_close', 'ob_quote_count'], 'non_null_obi': 1.0, 'non_null_obi_20': 1.0}"
2025-12-17,/Users/xuchuanxi/lianghua/raw_data/data/trades/ETH-USDT-trades-2025-12-17.csv,11440,/Users/xuchuanxi/lianghua/raw_data/data/orderbook/ETH-USDT-L2orderbook-400lv-2025-12-17.data,/Users/xuchuanxi/lianghua/raw_data/data/orderbook/ETH-USDT-L2orderbook-400lv-2025-12-16.data,1.0,,"{'file': '/Users/xuchuanxi/lianghua/raw_data/data/orderbook/ETH-USDT-L2orderbook-400lv-2025-12-17.data', 'top_n': 20, 'sample_ms': 1000, 'lines_total': 4937922, 'lines_json_ok': 4937922, 'lines_used': 4937922, 'samples': 84862, 'error': None, 'resampled_rows': 1440, 'columns': ['obi', 'obi_1', 'obi_5', 'obi_20', 'ob_spread', 'spread', 'ob_spread_bps', 'ob_microprice', 'ob_depth_bid_1', 'ob_depth_ask_1', 'ob_depth_bid_5', 'ob_depth_ask_5', 'ob_depth_bid_20', 'ob_depth_ask_20', 'ob_ask_wall_size_20', 'ob_ask_wall_conc_20', 'ob_ask_wall_levels_20', 'ob_bid_wall_size_20', 'ob_bid_wall_conc_20', 'ob_bid_wall_levels_20', 'ob_mid_open', 'ob_mid_high', 'ob_mid_low', 'ob_mid_close', 'ob_quote_count'], 'non_null_obi': 1.0, 'non_null_obi_20': 1.0}"
2025-12-22,/Users/xuchuanxi/lianghua/raw_data/data/trades/ETH-USDT-trades-2025-12-22.csv,8629,/Users/xuchuanxi/lianghua/raw_data/data/orderbook/ETH-USDT-L2orderbook-400lv-2025-12-22.data,/Users/xuchuanxi/lianghua/raw_data/data/orderbook/ETH-USDT-L2orderbook-400lv-2025-12-21.data,1.0,,"{'file': '/Users/xuchuanxi/lianghua/raw_data/data/orderbook/ETH-USDT-L2orderbook-400lv-2025-12-22.data', 'top_n': 20, 'sample_ms': 1000, 'lines_total': 4671490, 'lines_json_ok': 4671490, 'lines_used': 4671490, 'samples': 84282, 'error': None, 'resampled_rows': 1440, 'columns': ['obi', 'obi_1', 'obi_5', 'obi_20', 'ob_spread', 'spread', 'ob_spread_bps', 'ob_microprice', 'ob_depth_bid_1', 'ob_depth_ask_1', 'ob_depth_bid_5', 'ob_depth_ask_5', 'ob_depth_bid_20', 'ob_depth_ask_20', 'ob_ask_wall_size_20', 'ob_ask_wall_conc_20', 'ob_ask_wall_levels_20', 'ob_bid_wall_size_20', 'ob_bid_wall_conc_20', 'ob_bid_wall_levels_20', 'ob_mid_open', 'ob_mid_high', 'ob_mid_low', 'ob_mid_close', 'ob_quote_count'], 'non_null_obi': 1.0, 'non_null_obi_20': 1.0}"
2025-12-24,/Users/xuchuanxi/lianghua/raw_data/data/trades/ETH-USDT-trades-2025-12-24.csv,11408,/Users/xuchuanxi/lianghua/raw_data/data/orderbook/ETH-USDT-L2orderbook-400lv-2025-12-24.data,/Users/xuchuanxi/lianghua/raw_data/data/orderbook/ETH-USDT-L2orderbook-400lv-2025-12-23.data,1.0,,"{'file': '/Users/xuchuanxi/lianghua/raw_data/data/orderbook/ETH-USDT-L2orderbook-400lv-2025-12-24.data', 'top_n': 20, 'sample_ms': 1000, 'lines_total': 3354927, 'lines_json_ok': 3354927, 'lines_used': 3354927, 'samples': 82571, 'error': None, 'resampled_rows': 1440, 'columns': ['obi', 'obi_1', 'obi_5', 'obi_20', 'ob_spread', 'spread', 'ob_spread_bps', 'ob_microprice', 'ob_depth_bid_1', 'ob_depth_ask_1', 'ob_depth_bid_5', 'ob_depth_ask_5', 'ob_depth_bid_20', 'ob_depth_ask_20', 'ob_ask_wall_size_20', 'ob_ask_wall_conc_20', 'ob_ask_wall_levels_20', 'ob_bid_wall_size_20', 'ob_bid_wall_conc_20', 'ob_bid_wall_levels_20', 'ob_mid_open', 'ob_mid_high', 'ob_mid_low', 'ob_mid_close', 'ob_quote_count'], 'non_null_obi': 1.0, 'non_null_obi_20': 1.0}"
2025-12-18,/Users/xuchuanxi/lianghua/raw_data/data/trades/ETH-USDT-trades-2025-12-18.csv,8881,/Users/xuchuanxi/lianghua/raw_data/data/orderbook/ETH-USDT-L2orderbook-400lv-2025-12-18.data,/Users/xuchuanxi/lianghua/raw_data/data/orderbook/ETH-USDT-L2orderbook-400lv-2025-12-17.data,1.0,,"{'file': '/Users/xuchuanxi/lianghua/raw_data/data/orderbook/ETH-USDT-L2orderbook-400lv-2025-12-18.data', 'top_n': 20, 'sample_ms': 1000, 'lines_total': 4795071, 'lines_json_ok': 4795071, 'lines_used': 4795071, 'samples': 84458, 'error': None, 'resampled_rows': 1440, 'columns': ['obi', 'obi_1', 'obi_5', 'obi_20', 'ob_spread', 'spread', 'ob_spread_bps', 'ob_microprice', 'ob_depth_bid_1', 'ob_depth_ask_1', 'ob_depth_bid_5', 'ob_depth_ask_5', 'ob_depth_bid_20', 'ob_depth_ask_20', 'ob_ask_wall_size_20', 'ob_ask_wall_conc_20', 'ob_ask_wall_levels_20', 'ob_bid_wall_size_20', 'ob_bid_wall_conc_20', 'ob_bid_wall_levels_20', 'ob_mid_open', 'ob_mid_high', 'ob_mid_low', 'ob_mid_close', 'ob_quote_count'], 'non_null_obi': 1.0, 'non_null_obi_20': 1.0}"
2025-12-19,/Users/xuchuanxi/lianghua/raw_data/data/trades/ETH-USDT-trades-2025-12-19.csv,10352,/Users/xuchuanxi/lianghua/raw_data/data/orderbook/ETH-USDT-L2orderbook-400lv-2025-12-19.data,/Users/xuchuanxi/lianghua/raw_data/data/orderbook/ETH-USDT-L2orderbook-400lv-2025-12-18.data,1.0,,"{'file': '/Users/xuchuanxi/lianghua/raw_data/data/orderbook/ETH-USDT-L2orderbook-400lv-2025-12-19.data', 'top_n': 20, 'sample_ms': 1000, 'lines_total': 5235173, 'lines_json_ok': 5235173, 'lines_used': 5235173, 'samples': 84599, 'error': None, 'resampled_rows': 1440, 'columns': ['obi', 'obi_1', 'obi_5', 'obi_20', 'ob_spread', 'spread', 'ob_spread_bps', 'ob_microprice', 'ob_depth_bid_1', 'ob_depth_ask_1', 'ob_depth_bid_5', 'ob_depth_ask_5', 'ob_depth_bid_20', 'ob_depth_ask_20', 'ob_ask_wall_size_20', 'ob_ask_wall_conc_20', 'ob_ask_wall_levels_20', 'ob_bid_wall_size_20', 'ob_bid_wall_conc_20', 'ob_bid_wall_levels_20', 'ob_mid_open', 'ob_mid_high', 'ob_mid_low', 'ob_mid_close', 'ob_quote_count'], 'non_null_obi': 1.0, 'non_null_obi_20': 1.0}"
2025-12-27,/Users/xuchuanxi/lianghua/raw_data/data/trades/ETH-USDT-trades-2025-12-27.csv,1128,,/Users/xuchuanxi/lianghua/raw_data/data/orderbook/ETH-USDT-L2orderbook-400lv-2025-12-26.data,1.0,,
2025-12-26,/Users/xuchuanxi/lianghua/raw_data/data/trades/ETH-USDT-trades-2025-12-26.csv,12650,/Users/xuchuanxi/lianghua/raw_data/data/orderbook/ETH-USDT-L2orderbook-400lv-2025-12-26.data,/Users/xuchuanxi/lianghua/raw_data/data/orderbook/ETH-USDT-L2orderbook-400lv-2025-12-25.data,1.0,,"{'file': '/Users/xuchuanxi/lianghua/raw_data/data/orderbook/ETH-USDT-L2orderbook-400lv-2025-12-26.data', 'top_n': 20, 'sample_ms': 1000, 'lines_total': 3500784, 'lines_json_ok': 3500784, 'lines_used': 3500784, 'samples': 82297, 'error': None, 'resampled_rows': 1440, 'columns': ['obi', 'obi_1', 'obi_5', 'obi_20', 'ob_spread', 'spread', 'ob_spread_bps', 'ob_microprice', 'ob_depth_bid_1', 'ob_depth_ask_1', 'ob_depth_bid_5', 'ob_depth_ask_5', 'ob_depth_bid_20', 'ob_depth_ask_20', 'ob_ask_wall_size_20', 'ob_ask_wall_conc_20', 'ob_ask_wall_levels_20', 'ob_bid_wall_size_20', 'ob_bid_wall_conc_20', 'ob_bid_wall_levels_20', 'ob_mid_open', 'ob_mid_high', 'ob_mid_low', 'ob_mid_close', 'ob_quote_count'], 'non_null_obi': 1.0, 'non_null_obi_20': 1.0}"
2025-12-23,/Users/xuchuanxi/lianghua/raw_data/data/trades/ETH-USDT-trades-2025-12-23.csv,10348,/Users/xuchuanxi/lianghua/raw_data/data/orderbook/ETH-USDT-L2orderbook-400lv-2025-12-23.data,/Users/xuchuanxi/lianghua/raw_data/data/orderbook/ETH-USDT-L2orderbook-400lv-2025-12-22.data,1.0,,"{'file': '/Users/xuchuanxi/lianghua/raw_data/data/orderbook/ETH-USDT-L2orderbook-400lv-2025-12-23.data', 'top_n': 20, 'sample_ms': 1000, 'lines_total': 4014708, 'lines_json_ok': 4014708, 'lines_used': 4014708, 'samples': 83553, 'error': None, 'resampled_rows': 1440, 'columns': ['obi', 'obi_1', 'obi_5', 'obi_20', 'ob_spread', 'spread', 'ob_spread_bps', 'ob_microprice', 'ob_depth_bid_1', 'ob_depth_ask_1', 'ob_depth_bid_5', 'ob_depth_ask_5', 'ob_depth_bid_20', 'ob_depth_ask_20', 'ob_ask_wall_size_20', 'ob_ask_wall_conc_20', 'ob_ask_wall_levels_20', 'ob_bid_wall_size_20', 'ob_bid_wall_conc_20', 'ob_bid_wall_levels_20', 'ob_mid_open', 'ob_mid_high', 'ob_mid_low', 'ob_mid_close', 'ob_quote_count'], 'non_null_obi': 1.0, 'non_null_obi_20': 1.0}"
